InfinityLoop1309.NewPipeEnhanced_110004.apk	56b3ddc154322975a721290fc89f401fc368a70a522057fbba754198e942f60e
S.N.A.K.E_1000001.apk	d8b3db6f912c67bec1ae9dec5b1b4ffd9958004bd7c5efec88cec48c23bfca86
SVS.pdfinspector_9.apk	a47e6f7db8154d19a87ffc98596ef7d307149fc1677ab9edc5372584c3c26ca0
a2dp.Vol_169.apk	f67ef52502faf8dbcef310c122d9efe7871effdd8f9fe0ca93b9925513152d37
ac.mdiq.Podcini.A_66.apk	d2feebd5298d5e745b9ba8a61df0b29cba30b62159048032fa28a050d05f1b62
ac.mdiq.podcini.X_323.apk	6efe3f59fa27aaf4018234ad20da5f6b59fb7fff3648820301851169595bed2e
ac.robinson.mediaphone_65.apk	497e019dc8a1c8596dd0e2554a4f75d372531011b233dea4a2d192e694ed7552
ac.stresa.uturn_11.apk	4787faf177f3897f4bd49f4806f2ac48d08757b7f66a63c206a67944cd303309
acab.naiveha.subrosa_7.apk	01f3909d376a5cf433004cd3eed7452732f5dda07895ce276ee3cd43d2e6db3f
acab.naiveha.subrosa_8.apk	4d8b69dd1bde424857466a4a817385cd83404ec53df5ede76123c276117672c1
acidburn.stims_5.apk	95a8c7d20bab18dba719ad7d911e41609ef751454d0848641808fc6d36bb0a44
acr.browser.lightning_101.apk	820f4f9977a20b060b4091db2b35cff8cd360e060f94aa742255c845747a2d7f
ademar.bitac_8.apk	3f8f31a5b92bf8fa14decd4169fe0642792cea5a12361424d23c05410e5201f5
ademar.textlauncher_10.apk	dbe9cbe58703b6a7f067bfa7338a4913a3fa043c6cbe161b46e87d1938a32bf3
agersant.polaris_415293156.apk	352e0e5b23160303b36f44b955a02b49798f32f276cefad801df798e06738d9e
agrigolo.chubbyclick_28.apk	f5e01afc74656ae3d18973b274abacf4efb63b794062785542474d874b7fe383
agrigolo.opendrummer_3.apk	9347877bc3405d78ee9daf3745b10a474893e93ebc857a5cdbc0960fa86d4957
ai.agent1c.hitomi.open_6.apk	75d17d267d4d58e2dd1b8cfc2ce54b43bd4ce3244ae50db8480c5ec1bd8f05fd
ai.privatebydesign.albi_53.apk	10fd55b5416e50bef8f357bf364a3187f6125433ed7ba281adf2ecfd721c0005
allen.town.focus.mastodon_1630.apk	03893d063f7b4a1aa137826391f31ae6c18ee85395a7f35649cfe2c75008a7a5
allen.town.focus.podcast_70.apk	cf469d1f2979e2ceb08cf529e816a370b246e80a8e035d3c94b191cf643d9878
alt.nainapps.aer_1735160000.apk	b2d42a4f59c7d3a248c69c7b1fac925bb90d05322814268eb9cb5eeb96d707b5
alt.nainapps.sharepaste.fdroid_1734722268.apk	066ee0406d8ee9daaea521290777fc4dcfa42845eed8bbfcdb7feaffdaabe965
amirz.dngprocessor_5.apk	8a8e803d239717837e709c84de06bd2d10306836d6443eb1ec98f588786fc631
amirz.rootless.nexuslauncher_30911.apk	7fa44d560dc4577374d45176220de2c0b00a71e09d6d148cdea4e0a52d38404a
androdns.android.leetdreams.ch.androdns_27.apk	0f28daf04471971a25a2db51370126b3a159978a5da69e0548e478f920d33161
android.jonas.fakestandby_14.apk	88495a6fa0500a2d0e23b632a4dfee1bfb89fc4ad65602d4e4730108e8a8127f
anonvpn.anon_next.android_22.apk	2f4839ccdb6e2e637ae63eae3504cc39cf1d3719243cb3c295052734207f849e
anupam.acrylic_19.apk	df01309e3641fac77cd9bd356558e122e31f1317f988dfb4144ebad949e0ac84
app.agneldev.kochitransitgo_1.apk	2aa38d1d52c633af7a2e0677f9adb0965a38adc2d5a4f67f5f04b3fd5edb7990
app.alextran.immich_3046.apk	efcaf058dff98b41fac7c69c31b133580b8d22b7f5d768f2652a377526ca6703
app.areada_13.apk	e163e5b00fa09dae33972db2e277773aeca003abba299cfbac0e1e944587d7dd
app.bitbag_283.apk	42f53a298320ef35a4b4030502d9d38476db519fe5db5fa612999c8dd7280f2b
app.cclauncher_1290.apk	b6e6efc9308a666a49b49ffc6c109bc406bc4362e7a22ae8c0abfadd983457e9
app.clauncher_430.apk	26d4353fc9f6f798c921c3a001c5e2868a9a52a6de6a8cd76ffe7cf010830c6e
app.cleartray_343.apk	caa977ac5c26679a3045fb4932903a8eca6978a6088d228ecd9f9679a3e51ae0
app.comaps.fdroid_26060511.apk	028fccca5ecd28ff1c502b25c163ce0cbe509b2b9a93c1fe0f71580968d865e8
app.crescentcash.src_120.apk	a02b64c18d0ec43adfe87686551416a4c68f36db3a25122fc474797eb4880aee
app.crossword.yourealwaysbe.forkyz_8400000.apk	d8cab1c9837f58c0323f5d725b2254540c125ee9dd2f26ff248eead109eac864
app.crossword.yourealwaysbe.forkyzscanner_8.apk	6ed0278fe0c0fb6ba34115597be2e87fbe81c6415dc181f33c111cc91721d071
app.dumdum_14.apk	6fa7a8ce92f731e46ef79933c54b0bd579976f4c40ba2062bbf811630b8f87c8
app.easy.launcher_33.apk	d5d50652fcc96229e5fdc855419716d6e68ba50445937673f7dd3712a3d8731b
app.eduroam.geteduroam_2687.apk	4657c0748306d4985ac83b9847a023420542c35ed80a03ab70c3baac9cef6da5
app.fedilab.castlab_14.apk	67f75876ed2ae3bf4424d46cf010872b531cf0a8bdfacfeac727c1aeafc3bf71
app.fedilab.fediplan_7.apk	8be3612167d66607373e792f05d56cdd3924f31cadbc4569d3acfa2aa51e7a80
app.fedilab.mobilizon_3.apk	9b7a3d5efee6a925becc2dfbe3a2b2a0e7c1841609c0cbab2481d9557ee3ed4e
app.fedilab.nitterizeme_35.apk	4cd44d10402f464669ededb32914eb42d57b0e67bed19163e1b8f1b036d7048c
app.fedilab.nitterizemelite_33.apk	30ae40611f5fbbce0772e3c26d4103d98d62ed22b7dd83736219ace083b1bc46
app.fedilab.openmaps_13.apk	f8f74eb4efd87d25113e960af3f1469839042fbe4da0eea0075290944cc5fb53
app.flicky_940.apk	628670dfa2c8a0a10df617b329716f7517207707c837277d7c2993754bf98abd
app.floatdeck_4.apk	d0719921a071c801679fb648cefef99eaa8b1e9f112f7ad8d3331542be4b8805
app.fluffy_770.apk	6dcbe361ccf5861ce42c72fc3dbd9ef5867d8d4d573b729a4027d43e10cf60a4
app.govroam.getgovroam_2687.apk	1bf6aacb899a014b10d208546ccf17ccef17e8c0ea821d5e196280dec39402d8
app.halma_15.apk	b994337244e2136b54f96f75038fe70d9562635cce50af6387d906ee048d0ec0
app.hkTransport_106.apk	75443c660bcb0189518f124a255af2cfa5976c4a2f651c71e8fe017b80ce0eba
app.hypostats_58.apk	56ba09e3fd7c203044533f4fe9691c41075ef1e1c3c23aaba6ecfdeea40dc3c9
app.intra_74.apk	143e0c9dbb4dd901de1718e158725692f2f713f7687fdf4b8a67641da00a0739
app.ladefuchs.android_365.apk	0f0dc4577a4570f0f74c5d13a18cf5968947f6f32735027ffb3db89eafdbfa7a
app.lonecloud.prism_10301.apk	b3aaceafcdf0904505da643f48d025841f9fdee8548dd550f281218e2634ef50
app.maskan.chat_100.apk	cb142611f70e7fb4f001823114534863589ca1e3eda7f33d5171c6c19fdcd00b
app.michaelwuensch.bitbanana_79.apk	28f721b5fb0af36986a47d13c90445d8eaa65c084af7a9675a6d4ef002ff720f
app.mlauncher_1110303.apk	21956340edd933c63b5cea96c457f068d1f49e86c20711bf7a7f9b55b2a43647
app.motionui.android_100.apk	5f507fdb611bda6ec52d20eec8570c04577d9049a2818bed401fc770e48cf153
app.murinelauncher_10005.apk	f6feeb7664f8dbca9a88f081ac51e73320747624979ec2f6b3743744ce5bdd81
app.myzel394.alibi_16.apk	f50b1a642361849599dc300126c87145989d46cde77428139361697e2b62612c
app.notesr_61.apk	244a08e7abe2c512fac9c3f136e992181831c5335d58e40e95aeffe971585dee
app.olauncher_105.apk	3014016000aa67f1b2572955bb6424dc87015c04a22bc65108ae21bfb09184c3
app.olauncher_109.apk	eb921001e336d174b62dc21e714916af7473a2669ad66a2e4a6fafd760d500bd
app.onloc.android_124.apk	02b1a7d0d3f3cefd9897e0ff8d5b4ef133ede28cecd63264c54e9847710e086d
app.organicmaps_26062416.apk	9cb93e15d1c8a8bcc06cbc7d407db10759696b51a50cd3191cf2fd576b2fa484
app.pachli_52.apk	c3d50390e7523f32ac99f75127d0d393d689408759f378d3a98d45984fd130e9
app.panoramax_63.apk	b259f5ed4234ded155bcf4bd6f14d257e304931241e72b35ef8255e944647c21
app.passwordstore.agrahn_11603.apk	0a78500e1b92fe99e346b0553e140d5f529b0f3feb399dab645fb26b41f6d429
app.passwordstore.pando85_11702.apk	ed473571553d052f6f2af25d379960f0b240f91acc3eb70c05b20009be26b22b
app.plugbrain.android_154.apk	5b5f17c53b03140826147535c0c9e93a9bb75cf6b09856c5e2ec8347a21b7db4
app.podiumpodcasts.podium_1000008.apk	db96ba89ea249dde61ba1afb59dcf4c33f43b1ed0c266d9886d98b519b714a0b
app.pomodorot_233.apk	e78e8c5033e859e95d175f12b1695a684a9d89590428c734d02426988425a404
app.prav.client_4215719.apk	b0549e693480416d8a33c0be1c874708101aba1216ab31c3636c15890d16a984
app.pwhs.blockads_51.apk	fc68d7461a9547e3fa5bfc650021cde5ea6f8902777d1db1830ba4f015ed6b1c
app.pwhs.universalinstaller_31.apk	2aa06eb71105ff6822a168316799d47d57d0fece465ef56b3c6e80bab51486fd
app.reading.stoic.stoicreading2_77.apk	91d832e67662da6e97dfed911bf059a32cbeec1251b708367b2470680ff9d252
app.seeneva.reader_4.apk	5fde146d4233fa5f1fd09c1e810a5dbd7792ed599adb691d78c6259d84bdd52e
app.shosetsu.android.fdroid_45.apk	4399bba2f9edad6a91edf6ae1bf31be0694b77ab4ee770fc174013c10d1a5098
app.siftrecipes_8.apk	49c7a772f84347d6c4aeafcbebb544cc7c23f32a78d288c323000374b00f28eb
app.simple.felicity_25.apk	7e5bd7d63dcba44c66735b271dcac81822071ad888228336be96f0b9ddd23a43
app.simple.inure_10705.apk	9ece7d38ab84c2642ba854335dab79ac2c6ae1de12715bd927fe01a2b3f5a3fa
app.simple.peri_972.apk	df13534759750416b63ace9408568a35bbdbf3341b94e77f24387b43791ac88c
app.slauncher_104.apk	01e5a5e82fc11ba58dc7e14d62b29d36e492d36b80d6c9c3e7a28b0b20796567
app.smarttube.fdroid_2384.apk	4bed060e6238aca391de30d4205d88a011cb9314a53f2efe7ec9a809dc0938a4
app.smarzaro.foss4g2024.schedule_105.apk	de0ff046c78155344e4e8f63c5b10087b72e5b39e37307669ec3d23cd37db7c2
app.soundtree_10025.apk	45be3cdd96efc277969406356373203d741fef0cc86e762ad3dcb595f48b6167
app.sudroid.raagadb_8.apk	ecf62d4cc69ca93600c1e26fe8900ae8e461817c0c123aab5ada2b034c12dc7f
app.tice.TICE.production_38.apk	648d8ddb49f4547c8766b6838394cda4526875cd2fc0970c9987a66061673ac8
app.traced_it_15.apk	053ae15640c362126625951f4836d3bd021826d774aecf1a21c0c0ea84ea26e1
app.tujice.jergasColombia_1.apk	ef6177e39b1d0b1d6276f1214d2e9c8f2acd37471cb0eb6fe21cf20468b50e6f
app.udderance_202506270.apk	2074fc55fb7884a4368fb6774e6acb576b99ad1bd1247c513c5d8aac5ec8c288
app.umerfarooq.littlerelay_9.apk	c8adde0dc39f0bfaeb72a7d0c49bc0bca0233f54f8ba153633292aace7c8ce89
app.umerfarooq.websocketcam_7.apk	dc0034aac00aff361f99c1c3553fc62ea3676a50478959415187784535d94743
app.usp_83.apk	e4541262a7213cbc226afeb37ccc3f986a1af22a9a03361195599c326788d41e
app.varlorg.unote_32.apk	66398ab95c74810518624ebdec777f30f67f9bf5aecccda5ea3fb54e59da74c8
app.vegan_inspector_33.apk	ba03db0774dab06ec956bd6c494302e013da58240ed3b0b2dbbe58172ed8d317
app.vger.voyager_935.apk	a7d9b59d6e6e6b6a16e93a6f514dfe706d1af8d824a38040d489d338a099d802
app.weatheroverview_1.apk	2d39ba5726d6fe22caf640c3c2886b22487c9b23d8e7b573ae12ccac863c1dde
app.wispar.wispar_41.apk	685c27f29f8e916d0310a4b83eadcfb91bd16c8adc5905a41225fa8bffe8bc62
app.zimly.backup_93.apk	43ed539af99b8280ae6f8f352b9ac5f976844c69d0e9aa9deaf566e77ff5e75b
app.zornslemma.mypricelog_7.apk	5918bd0a7017971b0171d8496937709faf8c8b6d059fc73f0bf94b74f97d0291
aq.metallists.loudbang_53.apk	714e56ae2182875942bced95d00efdae7be0f3434d26347a5a80287b7f4b1b4d
ara.memoryguardian_14.apk	5670ccbcc6a90aada65c722894e638a610478a2a43b0c138c225e57182e48ac0
ardash.doodledudette_1000008.apk	fb51669d1379b997949dcd37dc6f4bd96ee59dea391120387dd5b9924e2a07fd
ardash.lato_1001006.apk	e3f952792b892d0a7a058d942c86fc82f6b7f25ffe347a210108da9264c16aee
art.pegasko.yeeemp_1009.apk	612d5cd3580621bce1db3a7a2dab69f6f778dcbc630c5a48d7fbbca8c73c4547
art.tessell.editor_603.apk	ecc4d58bda4145d54b253498c3f6f47fb956f05183f76a029eafb9b674eb79dc
askanimus.arbeitszeiterfassung2_211012.apk	0bdafb823df0cf9a7d12401f2fd8723727c4047838a5e9a7890f62b4f23bc12a
at.bitfire.davdroid_405140001.apk	443248ecd0ebfc0db6abb63f0e6e5b5a880adf6d75e9243572b35df2edecbbeb
at.bitfire.icsdroid_92.apk	64eca16131b45c5072d9303ba5d74db27eb9ff9d934621bc2001bba3af8389ac
at.co.schwaerzler.maximilian.doit_9.apk	f3db673c53628636ce74ab71f7575891b533c5f4e3fd5f5e7492133bdb719867
at.finderlein.noe_2020.apk	6cba334a5e160b1a24dbbdbaf83cd4ca4415fb31da7861140a7ef5e99c0f2989
at.h4x.amsprung_105.apk	264fd458f128e55ca9fd1bdcb54db93eef0abdee1f18120a0eec13883e99566f
at.h4x.awhip_10100.apk	ef0896ebfdde39c8215f0a88c130b094a9f75f17c6c894e9fb50df802c8dd10c
at.jclehner.rxdroid_9380.apk	e8b32f0b19981120cadbf171a2c2ad3a4d1085327069eabb9498413206b73fe2
at.krixec.ied_18.apk	306d9927d530d68e80fb5a6f01b9d7db6aad34634f551dd58302ff27e562d0c2
at.krixec.rosary_12.apk	0aa2f66ad4bc3af24260f5e1d1fc037cdece25fd36eccf889b6af96af252fac5
at.linuxtage.Eventfahrplan_1700028.apk	84bca8b5903c98936cb7df62a945c2add4ea9521e174783dcdc17220206a1ed0
at.manuelbichler.octalsuntime_6.apk	fe47baf787900a84028e78100aa37699597ae7e555c5c17a2979df42ced7137b
at.or.at.plugoffairplane_1010.apk	3330c5142d264f350e4cd71c4f9618c1ca58a22974df6eebd53e503f4e590d8b
at.priv.graf.zazentimer_3020200.apk	43dc4ced60c9df3281ffdcf5986f09c8c3b650cb9d0d87508363a6eefd0ef3a4
at.techbee.jtx_216020007.apk	d71af562243ed4936caefa1b692639e3a6278db0be4fa452727f624b61929b88
at.tomtasche.reader_199.apk	407b766fceb39dda9651da508772494a70a9ed97a76ea1cfab9d76bdbb699261
atm.nasaimages_3.apk	2968ea2f99e88baf35162a187780fa600ba2ee87e41de72901ce2d3e3a5adedb
atm.rocketguardian_1.apk	12d9eefca28a181a44cc6a760c12d838415e6fc8d0fd79c8325cdfbf3315041f
au.com.wallaceit.reddinator_68.apk	c3751de467a138e27d6d34c6f249033b1a6f9ca307b2715c168e9c146c851003
au.id.colby.nfcquicksettings_20.apk	6d61134a637513389920e0a44d9a5c67b2a852fe27585a49a0569606b2410493
au.id.micolous.farebot_3920.apk	5139dd6b3c57c6722361c8177bcb431073beb70c7c9337be0503a49cf5f02203
audio.funkwhale.ffa_300000.apk	f57a65044e6630ee33504c384249dbeed19f4a8ead4e38b7ec0d3d0a1e443ac2
audio.omgsoundboard_23.apk	c891d148757025c2e9e8a95e4725b3990d772e1210bf17c90da13047da89c969
aws.apps.usbDeviceEnumerator_81.apk	07be4a7f425f595479cd2aa0aeb9ecb39276e97b9a81da0b1a8e4fde07381f46
axp.tool.apkextractor_5.apk	75250aeebf69d35ffd0ffa3631e37317c3d7b13befa1cdac728201b956018c50
background.work.around_31.apk	e8c77d1f58ad3d6cd1612718db75ea863528eb9762bd1b629565863372fc9442
barilyuk.batterytemperature_5.apk	682b10b3903e4a7c2792f1b800e634368e49ea25910528f9c1deca2d18ab6475
barilyuk.mobilosignal_1.apk	fdc571e19381cc57cbe8dfb70adcbcab1334c639acc17e7605ecf12c884b0595
barilyuk.texetescribe_3.apk	e15aca36b73f13c33cceec9415b833dedf94b3d304a89c8ba5d4b4ed2d33a658
be.bhasher.mobileinpact_12.apk	3a908b177d9c383b409b4a695fc7f7670587c4f4e9ce122b2c0447ab3dad051f
be.casperverswijvelt.unifiedinternetqs_3010200.apk	fe44614e43c660cdaef2d5d8fd7f3fd99a0026a0e12e6770bd0aa338467f65d6
be.chvp.nanoledger_2026070402.apk	822c45c472b5340d34cc63f3357d7c632df967e8772d71f4c77939b6748bdab5
be.digitalia.fosdem_2300230.apk	37b1a8bb28b9646edfb70925c9ea34ce1eef12d9b1c5898d3a0dddd69be6a8f5
be.humanoids.webthingify_2.apk	4bb0adc701ab5f7230dcaeb2753a27eb2964c8fc4050ec05cb7f09cf9b064897
be.knars.netflixtoimdb_6.apk	6ac82463de9a151f5566fad917203e704fe555721db1f2b57b088165280de195
be.moraine.yapl_1.apk	97ec45a7c01e7fecdbebf837262856b062ca359f6482285ba82693fe621ae937
be.mygod.vpnhotspot_foss_1035.apk	a72518537ed05ea4c77f228a1487ccc885402fd0c175302bda2b549332371cd7
be.ppareit.swiftp_free_30100.apk	49b8977f3d04a9a184114ade4c7c8bf22e39542974af908e89c608b8b374ce92
be.ugent.zeus.hydra.open_37400.apk	8739905964519123f4a181557f50c7cbb3b04d352777e872b092069401d0c6f2
bim.app_1600.apk	82b5ba2e96dc551903b4b818a96ca8e46dfd31427ae422708b2aaaeada84b5a6
biz.binarysolutions.healthybatterycharging_24.apk	1fbf5172325c75654b0bffa117894f806ff61b7e8fb10d29f511ce58503b2a67
biz.binarysolutions.mindfulnessmeditation_7.apk	fba1483a8a4d6cf3b94dc7798272684982ff1aaef560e76cc25b02c34dd1a1be
biz.binarysolutions.mindfulscale_9.apk	af8db5fa8b4cdf385725f06033e2831740c5eaeba4606c7660896c354a38923b
biz.binarysolutions.stress_6.apk	a79d40377e8755d8d637d05577ac743b59649179727cb2b448a52fa9a69b6c99
biz.binarysolutions.vatcalculator_11.apk	bec3b8076c0f14a36443fdb7b8b2c30588da181f44c1491ac7ed9d271f707147
biz.binarysolutions.weatherusa_27.apk	e4e1a770d27e86613ce33533c253eea9ae4872a1015ae2010ceb4834ae0dd889
bluepie.ad_silence_55.apk	c134927f92ecbf34d9a6f7f9571b2d22ae02cc35bf89617e4d0044d035536c15
bou.amine.apps.readerforselfossv2.android_125051211.apk	1f77c4b1f953109fa3d2f9d1189d0c2bc24c6ce827a5ada77ced0bc21a05103f
br.com.colman.petals_3040000.apk	bff694149bb965048aab9eaba7011b1a50e4b350d426eb567bf988becfa389e8
br.com.gualandi.dailypill_14.apk	a9332ae02a8d70c60a767807fb69a089b92aa803e95e33069a902f4f97508465
br.com.wasystems.audiooutputswitcher_11.apk	314932c95c49df665ea142242ffc52a26530b2ccd4c1faf70a689c524ae3cb70
btools.routingapp_56.apk	ef0f40be1b947752e8441fe106ecb15e3705ab5aa52a9726c5e9a04a3a499038
bus.chio.wishmaster_1003.apk	39f811f07c238862f100e045154a6f20d99575fe1160c5c61286cee36e5fc9c7
business.braid.f_wallet_120.apk	e8d8e4e573685b7ff70f0a4f184bada76bbb4f44f4beecea1d7b459f65e7351c
business.braid.polycule_344.apk	40295836f19bb6a80002cd99579623af5a4038d5c24f8d2fc3e58f999f30468f
by.yauhenl.gardine_4.apk	3b3d1b6e7113af817edb8322489139f6a6187b46cf7c119eaace046d0d8241cb
ca.andries.portknocker_1.apk	f54d6d05f299ba2b2e7c351a411b9531ee7fd95b3af02d59cb50b74ef30ea017
ca.asmat.buzzkill_10009.apk	10cf12bd6a4ff51777fd38393e68561fd1abca134b878d3a71b57183c239a963
ca.chancehorizon.paseo_10801.apk	d14085e8a7db405c84348813628c4777525e8b48610fda24145da9d9f8286203
ca.cmetcalfe.locationshare_9.apk	e9bb6243834c981daa1f0385376abf67058e1b6a7561c4cc066500dd6f7a9668
ca.farrelltonsolar.classic_314.apk	2d767cdb301fc3cba2d1743492c6e3a33f69934b2316f12951976cf3690f7b02
ca.fuwafuwa.kaku_78.apk	e780cb76161a881a3f67aa3be231928397b1cf1f26980f9f2fcdd12f7b31beeb
ca.hamaluik.timecop_45.apk	ac0beb01168754028a1ce9814495b891bf240aa8098d904e2f73347052595cb3
ca.littlesvr.everyonestimetable_5.apk	22f89723dffacf52faae5a58f41c57273c86de6babf1bdc568a124b481443c64
ca.momi.lift_2.apk	59ee61acbb1ba259b3e6b24d9791cf9dcc4cce699dc067a69c0c6e74aea67d2d
ca.mudar.fairphone.peaceofmind_22.apk	25ee289c9eaefc03cb39967177bb95865232462cdebcbe600863602b1a1de41f
ca.ramzan.delist_3.apk	12d9ef307c03c52ac96ce8e36c1993ee9469d852a3a24c93e73cfad16e216e6c
ca.ramzan.virtuosity_2.apk	653f472925ccb0c56a5a57c8f0c000bc78c2f30ec8ca1c5e45bda68560471298
ca.rmen.android.frenchcalendar_1182.apk	5e76f97d04251f44d8e68e9c46eacbc94883c61ab271f85d31158db6e3aa9ce9
ca.rmen.android.poetassistant_113101.apk	a85fa68fc9ce32a4fe5351954fbaed1cc561b20a6373d17e6f08c328d9bf14f2
ca.rmen.android.scrumchatter_10606.apk	7603ad0544fecf880133e709c6e12b40ee431ed8e68b55f32f0a102289c5852e
ca.rmen.nounours_358.apk	0e7da7b17b63d727fb2a3a75e0576e1a42e286ebc8fb73b368da5518a728c682
ca.snoe.deedum_21.apk	19201af4b701f2d08569f31a5d799674eb83b82e3179e954294d1d9c82a9af60
ca.toadlybroodle.minimalist_110.apk	e8fdba4b089fad0757389531d204e0634f2af868ef70ccb791eda422a1217631
ca.voiditswarranty.roadtripradar_32.apk	c960f8c761b0f58f17f34249626b9ad2dc5d9994a4bb5d1f61ee18bc8bd52c04
cash.p.terminal_243.apk	f0a61ed07a2723c35cf7ea25f15be09150e5c034f96804daaadef44835cb1dab
cat.mvmike.minimalcalendarwidget_93.apk	3b7d66351a6d1b7fad2c2f57e587e90f21584264de5d9a63a8739d5c5664b19b
cat.naval.atalaya_1.apk	f99b827f9bd973d32a7bdee043bf7843810908249811681b373ff4eff51d4ae8
cat.naval.florae_6.apk	f7415d4c55218e3bdb7401873dd0b186b1f18e645e2026edc850199a32eb8a01
cat.pantsu.nyaapantsu_3.apk	25fb94886baab5036ece89ec927bac2a1b7fb2f6294b12a0757810dffa718ee2
cc.calliope.mini_27.apk	39da0393f5fbfc72ebf51452f4c5408f990af05a8c9b483ef2c7bee056fb309a
cc.chenhe.qqnotifyevo_20116.apk	69610ac6ba2fa6622d1be90156c51ee583efa0da947886ffb6846c932418f1d1
cc.echonet.coolmicapp_10300.apk	1266fdc2dbbf66b035c1a3016b430465b52a47644eb1ada9b187fbedcee19516
cc.goll.caff_101.apk	41b0e2c5bee84117f85a75d4099a0030d2f89bdd158e50011634f0f91c608e12
cc.kafuu.bilidownload_20302.apk	ddf6607fdc69642352ef413700e96ef0ff21da5b791a3d4bfbc7bd5e60dfe8b4
cc.narumi.chaldea.fdroid_989.apk	46e257b53919fbbe0d7b933844744e8e6d867c1e507811b8c31b33e8d3380bbc
cc.polysfaer.stochapop_6.apk	d05cb83cac07416aa2fef3f024396808e0e4ddf63adfa38c13f85efd254d9b99
cc.sovellus.vrcaa_300007.apk	b86e08157ec92f4b53e8a1d697167e548e3627476f65e9b82b75fb771cef089c
cf.playhi.freezeyou_151.apk	86b80fef253ccbb1ac5bd007fcf429a4e7b84a8e203957b8f7c4aed9fd7f67cf
cf.theonewiththebraid.guerrilla_mail_6.apk	b0da3329a6ec90673030138825f141ce6d7b914676512e8425f4f62f6719002c
ch.abertschi.adfree_42.apk	9863e46e0c892ecd362964ae3197ed7c830e3f88f8980cc9fe333268c0aafe2e
ch.abertschi.waterme.water_me_8.apk	d42d78005adb5f93015cff1c89a11be416d0304d4a697b2a29d3ba137a68bcdc
ch.bailu.aat_45.apk	f10bae02e75b884c6e92e165e41c9cc92bff51d85c25aa01feddf68471080491
ch.betzengineering.openvine_1.apk	2a743971332e920a29bf0a9223c996b1d54b0f449493441fc241384e28bc0c75
ch.blinkenlights.android.vanilla_13200.apk	0150f08387032ed3d5a5952dbe13646bff2878f01c2c9267e6dc32ecb8747003
ch.blinkenlights.android.vanillaplug_170.apk	a9cdbcb3ea96dc49b9bef06be3d824cfabdbb262c09d046875cce0c1f6c5a1a9
ch.bubendorf.locusaddon.gsakdatabase_38.apk	3eae0c6f3334fe6dbb70d3254176108a56c3d3eee3693ef6b7b4e0c648689426
ch.cryptobit.letterbox_1.apk	76be0a59cc2077cb2f9df4b31e86b38c80243fec8e543f4a9b8dfc79fa3adb5f
ch.digitale_gesellschaft.winterkongress.schedule_118.apk	5255dc1c32c4688afec530164d5bcc62e5189d2717e91f79952cb7e37e804ee2
ch.famoser.mensa_71.apk	bfd1f78586797fabd20f2cd4eb053ffac6c91e6ca716a38333ea728049534681
ch.gassenarbeit.bern.your.rights_203.apk	f395f335978533a86a1c0b387a13ccc9b4bba3e5d26fe4719906d05fb8b17e20
ch.hgdev.toposuite_75.apk	05e3f19e2717b1a9fd0cbaf66f8409559536244fbd2f23c104ec37c8eff72c56
ch.ihdg.calendarcolor_5.apk	8caf4b679367331c2a8bf20c0216a634218a6d1cbc0e3d59eee9ec8eb345d917
ch.joshuah.bibleverseapp_8.apk	47accb2ba96cb6da6fc17be6ad7b650f5383b91743d486cb4a3d445588d0ab9b
ch.logixisland.anuto_34.apk	3b57a70201d631d081ff480e8b958a6a7dd6fdc116d611bd1b66e76e3f06ccd9
ch.mydoli.focal_1.apk	bbf18ac3b134fb5fe19306043a687508aa25497d83164d22016083af6a3c88db
ch.nilsgrob.android.bluemoon_9.apk	28f526f1e2e268662e1859c3a5f40c62d841f78dbe7720ac3effd80f6b43644c
ch.pec0ra.suspension_setup_113.apk	38e0ffd7e7aef23a758ba1159599df338692a7910dccc920e658fca576232e81
ch.protonvpn.android_605187501.apk	483638e4531202087f6d9d6a08c5e66172fa1b1bb1ef21274c16497c76c1cc88
ch.rmy.android.http_shortcuts_1104060001.apk	8c43b5456f5283584dfcd48cee8d0728bf55bedbaf8c301fe95b678aeb20387c
ch.rmy.android.statusbar_tacho_2003150100.apk	ee1abcd9f921e391e7be6a38fd06c63e058868712c96ea938a4eca0c5b443c04
ch.seto.kanjirecog_4.apk	ec28bb80618b8bc21ff66e0726b9d539b490197dbe4c7eb32c5fa261f710ab0f
ch.simonste.jasstafel_72.apk	35435e6f75fb7625271378593391294489c1d0e07eb6720fd8c5df21083db8f3
ch.swissbitcoinpay.checkout_469004.apk	aca80d5cb30fc780cd2fbc977fcfa16e2f47ec55463d3152ae848629ae558253
ch.thgoebel.spartathlonapp_11.apk	6f2aeef671349c73ff65f08d94d57bc4f76c9bae347f4b928a555d9ea1cf1d2b
ch.threema.app.libre_1148.apk	4aa4494f750478088ad39db014c4e823920b65a24515098f6dee69661f0a732f
ch.tiim.markdown_widget_7.apk	8a82a04a34ced6b95b71da50426920f17b7ce23aaf18e220af5f0885bf7bdd9b
ch.ulys.k19player_13.apk	4400cf63092bdd2f75ff9c6e50cee2ed683d6d21fef37f3ccc092b2e9328b986
chat.delta.lite_300007464.apk	2bb74b59fc555f82102170836a73c19bfeb65a6bdccdbc10a1151a0db87981c0
chat.fluffy.fluffychat_3556.apk	fc992cc9fb68291557441ad3eb684c4624d1a688fbccea01bc13657c115dfac0
chat.jmp.simmanager_301.apk	f11c352511a398a935c3d7acde73cb1fe3d55782d9939beab8485a48965ebcaa
chat.schildi.android_12104.apk	921dfb3c7f90e6189c033fa1a46d1b0543cc87c316105e5df3ba4ecd17a4de07
chat.seers.app_7.apk	2e096f8acc2673d95c236dbe7d67004beea795d182588126c037afc963f502b9
chat.simplex.app_359.apk	d030454d6e0ed3d4ca14bd512aa5f5a95687055df55f2542a52acb5ce34ef088
chromahub.rhythm.app_514081067.apk	658e01da453aa27bdd591a0d251ab9a1077a1fcaa51eab85f7d50abc9fbb0180
cityfreqs.com.pilfershushjammer_43.apk	c7c04de887f3605cbf677389d7eea949acc245f59396396b8d8fe4359eaf041d
cl.coders.faketraveler_232.apk	ef0e17396f31773571f930901d8fc319840549f18a54d4bd0d0fb0313ececc6b
click.dummer.yidkey_11.apk	2c4327c4ee6d1199d0d2254333b18090d6d18caa665a05cd8ae1beef65543e5e
cloud.valetudo.companion_15.apk	d517cbc65c67322242a6619c078075275060c10d3b871d9b697dd703a237c5e2
cn.a10miaomiao.bilidown_1004.apk	0956c3bdf636e3cb1dbf873077ac72ea4bcab1be40bdb9f167db66f8e690edbd
cn.ac.lz233.tarnhelm_20250630.apk	09c925446e5a3f2878d5f888563b1f55e1a885c743a129483c786b4aeb469bcf
cn.rbc.termuc_12.apk	43738bf57fa01b1a3d52cc27bc3f3488e2e63f2768770ca3411d7144a207c088
cn.super12138.todo_1103.apk	7f922323da4d6f3dc40cfb8888f21047395d8f56eb54ec9ddae20673936dccd6
co.adityarajput.alarmetrics_9.apk	1cbb519ce0ed4d6fce4de02baff2a1465e2c6edbfd338a9c28863cabcf5ec054
co.adityarajput.fileflow_11.apk	c8c12538346be1fba2c7d8d2714935a8bdf207ef4536d3c327967b88fceea85c
co.adityarajput.notifilter_34.apk	c67267ec67d5d6fbcbebcf7a59c1947b31ab3843534effe8a1efe7362702dddb
co.appreactor.news_24.apk	a89627096da5919fe074debc97c1d74f3800216267ee32ef682acd609601d942
co.ec.cnsyn.codecatcher_131.apk	166d4cb9b0f7a5c1468a71bd04c424b84e0c282471794b0cadd97b172de3d17f
co.electriccoin.zcash.foss_1914.apk	ab18f5909426c89f0d604e53e840891ec59c08aebdc8de450b94edbb73002648
co.epitre.aelf_lectures_86.apk	d974af858b0055b27b13a611938f8f5f8302f7c92779bee2b26e75d0ea290862
co.garmax.materialflashlight_30.apk	24e10e4c010b1d1889d78fc7e01c26469f5fe5f1ab63306c97b30b373c91283c
co.prestosole.clima_203.apk	f6ee6f60409802d27eda302e20c4fc7ef512b6a477fda32ff809fcb7510b9178
co.timsmart.vouchervault_29.apk	d980bc5aac0b98d95fe171817fca78ca797ab3dd3426d6f779f012db097d9400
code.alimiracle.image_meta_cleaner_1.apk	df7736a370d94e515e8c3e9063d7676b808a2adcdf316fa100667dfd4219e8e6
code.name.monkey.retromusic_10660.apk	c1898e1fcef73ceb4b60e018561674ad37c71f61d051020ed05c3fe209743f89
codes.swee.diceapp_8.apk	388e18d5c42a9de53af4b5a63ba2f2640e8125cb1e6dd64e18d919ed61f867c4
codes.swistak.batterymonitor_1001000.apk	1d0b90927bc566178b75443d33fda0c7e59252b70657f2f40dbc7c74fefc2c49
com.Ace777.tidy_19.apk	bdfc90066b72815ea8157e223591a70171114c3e8497ee23584525f9ef83cae2
com.Arturo254.opentune_131.apk	9c35ac91221b751d17442d693897479e4d895d39137aa1db7fa45594f6f68de3
com.Colota_40.apk	386d9c42c23d7d87e9ef6665a7a76b3fe9c2903977b95590b45bd79af635fb6d
com.DartChecker_47.apk	bbb6224dc9edee4108dcf6c87357fd7c5851c87aadddae70b288c8da4b9cf936
com.GTP.eveminer_19.apk	68c61bf7620372687adb18e78bd449bb8506a55eab7daca651783f167569e04e
com.LAPARCELA.nihonoari_13.apk	aab20cbdc0178ac90f0ae614eef3c35c4e476d55b2650fd56444f5c44acc5fed
com.MNPDigital.holidayz_4.apk	79e56fb25f694736dbee91d7b4c2b7f703de4f4a2734cb0a06e66bb1f83d22e5
com.MarcosDiez.shareviahttp_39.apk	7da2d823d94525399d46d8c59908414c22fe445c9010da57a17703e5ca419966
com.NightDreamGames.Grade.ly_322.apk	c05003a177b5898763dbff1dcd4ae85022bcee8733897acb6e2ef594f15fdfbe
com.Sommerlichter.social_3300.apk	eb669949e7c916a0927bdc8d3ceb9f187f9594f2048a591b4ad39f6a3d537ffa
com.a10miaomiao.bilimiao_117.apk	6084e5876ce095baa683b413504a5b72d348d6906dfaf711053bf0efa6b1bf73
com.a4a.g8invoicing_50.apk	8028abfd7580ea5b56d153d2412acc6594a94ef596c1ff2737b70b881134460b
com.aa.mynotes_7.apk	39f747d20cbb722fea8870f32dda189d2f4acea7e2bc1efee6da0fff61f35e37
com.aaronjwood.portauthority_67.apk	416791a88e5a5d917ad989a5314f6cb903802d6d6c2e23f6721b88fa0b3f4ba8
com.abast.homebot_12.apk	0d358c85c2da5c2743b2f5a681fd173d297d0be302eb3c79b504c461ce4ad644
com.abezb.thirukuraldaily_26.apk	c6ecbd952ec6c8e73f45bedfde1e338f5b942938b40b9f9637c13935bb2cfc2c
com.abhijitvalluri.android.fitnotifications_46.apk	6c59c14111817d2e95a705f7d07ccf8f4cade058f78daa9ce6a9b1be1703f8e2
com.absinthe.libchecker_2671.apk	06b5cb36b5002bff55be2a1e9923504be866fc8821b28c1c74963c8a9f5be24e
com.acho.chat.app_2.apk	c0f0fbf74a92020d2f4859e02e1ff8564acec66e036435d5160cf74a12e20297
com.acktarius.concealauthenticator_39.apk	2a139aedc94148fed7ff50de7138a34badbe503eb3129ca047894564e329c7a4
com.acszo.redomi.repo_10402.apk	283a1a3a5f5514bff58890919a0f34a1afbbfbb764650fe4e471a6992177821a
com.activitymanager_563.apk	dbb1347560056ffc0c904e7f21490ad2ae1dd5de31e1bde49cb0f276ddedee5b
com.activitytrace_9.apk	0ed15db27ff6eff71c4b22e1eff3d37a2a45c4d88b1ad13df9458555a5963399
com.acutis.firewall_10005.apk	8764457bf8555770feb9d3633af8bf1d1f2eba91658ffa0d8235ecbb85a62b0f
com.addictologs_1.apk	c2050e209416f19af0a1135a66fd66c005d152754da6aae9521d3143ae938634
com.addismaptransit.app_7.apk	4d62aecc9873a0daf3d6386d86fe47f7842d644c896eb62b63597f520de074be
com.adeeteya.classipod_25.apk	1a760b299b6763bedf1003dc0e369423ceaabb9dda206d1ba8f4987f414d451e
com.adeeteya.digital_calculator_8.apk	4377e1b3efef0f25d9e4e4416d49650cd85c4cebb9e3900c8c366f80a9f62b08
com.adeeteya.font_gallery_7.apk	c2420ddfd46b36df96ebb0779cc68b483a3d4d84de6fe321f2da74581e378b4d
com.adeeteya.markdown_editor_9.apk	f7271ed23a7dd3fba8e1fe9c21c85c97acf698ababda5538895b6ac4371d3d0a
com.adgad.kboard_41.apk	0c41a145063be92b6af740952cdebb08a883eff805e9f8becdd98101f3b0b6d8
com.adguard.android.contentblocker_22000250.apk	bd60f30ea52954a606de7c446cedee39e8a89de5d18b15b616ebb2e7b33bc26f
com.adiamas.umpireassistant_2.apk	0370f51351c0d7e9a0f37304d026aed5dcc4025798c14345242f768be525bcbd
com.adilhanney.no_more_background_2060003.apk	b0356e3d4814fc79be84be865a0a56b4252567c81d030b04ab5457d4562cf0cb
com.adilhanney.ricochlime_1130113.apk	c1098845229d7bfd609f0535cd751e4cee1888f739f2c4ae3ac2fc54d12db27b
com.adilhanney.saber_1340303.apk	ac68a976b1bfb8456bc062b9fd80a4a2098717a227d59ff771cda825b36b8b8d
com.aditya1875.pokeverse_21.apk	fbbd68a3326bc1b7c41d69220c2bd125fe3038d841e485687deb56357573417b
com.adonai.manman_177.apk	d0d943ef25e61255ed72f94dedbf47631b85e0f00464f26995e3067b420ceb1a
com.adresilo.android_9.apk	d3f990e11fcbb46b10580fe7ea8ae0a4305848e268fa44b4707175f49410bd6b
com.aefyr.sai.fdroid_60.apk	cb96838c9a64b401bfff8c604b10712cdc7a1d96ea09b6a445cfd5b35702fc72
com.aerotoad.thud_11.apk	c0b1514febba412d2ec4ada351d41cdb88e40ec4de93bafacec52682e456d1cd
com.afkanerd.deku_83.apk	97fb138d366c7a2c9371f7d1d2a019cae558e398fab7ed70596944ac410b9eae
com.afollestad.nocknock_30.apk	e7f93bd725ee3a369d4096fd02a634796940074065b34e99cec9199c6386c64c
com.agatamessina.quandointv_7.apk	aceb1e950c9984af95ce720d3ccba2df6da5ee4b28eccfdd8de516eb7def4b5b
com.agatamessina.webinspector_2.apk	6db4b13e1e28e691bef5478def4c6402ebd2969e79275a40e3b148cdddd2cbc2
com.agateau.burgerparty_36.apk	e934cc28018e5ce52d5d0ed3304fed8d28585dafe1cc377e84ba8ee856a08df4
com.agateau.catgenerator_3.apk	d2f2c5ac99108d1c5a30f52e4d2d89000ab4de7c17e72ee9e277f2a024f398be
com.agateau.tinywheels.android_33.apk	61a50936e728518ce90e7191f8454a98ff24a80b866fa58292a0b474d2dabcd1
com.ahorcado_7.apk	7f4df3878508804bd0d15df2bdd29cb7f70377182b2e8c069c060024e547e2d5
com.aidinhut.simpletextcrypt_17.apk	3e05867bbaaa08a8e000d2cafdf2a0c6ee0236c01a32bd5eaf908c094ada0166
com.aisleron_23.apk	2b3fc5770e5810b2b603401cac6cb19f151760baf0dbd9e1a2d0389670f377cc
com.aistra.hail_34.apk	748172d7dae502ac58aa547ab82494e24f8714e068e313dacaa6d837e1a9916a
com.aj.wa.contact.adder_2.apk	ef76d62413e4c8f2568fd015b85c199e94aff5066b5e4e83220d788dc74c2511
com.aka.alarm_6.apk	c41778893be5b52135379d0c0923715197387ca021bf8ff06136e090f63f2817
com.akansh.fileserversuit_32.apk	2d6424f47b58cded43e25331400c130f463356946c555bf53e3b56074a3c2736
com.akdev.nofbeventscraper_15.apk	b47ca7b611e155f885393a121ecd88016f76831c72684b557c22b7c1e38f5209
com.akexorcist.ruammij_27.apk	25ee2359fd3c84005dc82c454cdf2affd555c5acd6fca8bb3cf0eb59d8426a1f
com.aks_labs.tulsi_101.apk	c1f5ddd6dab8950415e088a2e3b3b96e7e8d3ce55f2c55379eb1be461e1ff848
com.akshayaap.touchdroid_7.apk	8aaef1ce0bea45006098ba54c15165d1a490219f4aaa41afacf271a50b84e25b
com.akslabs.circletosearch_72.apk	73e0209baf69ba6d4dad8114256a523e5d231d3a08c1734ac67a0717e33142be
com.akslabs.cloudgallery_8.apk	57d38d474f87c126cd6375c36f91c07029a91cc1d0d7ad09b76dd1b6c875fae3
com.akylas.aard2_79.apk	522db05633e6f32a74ce029ab228dd7f92bebd4f274bb675eb672d513c2c6523
com.akylas.enforcedoze_86.apk	7fad1a82ee0f5a6af86b7cb20879c4d4ad2ba26bf462b52cb10b6360719a4a75
com.alaskalinuxuser.criticalvelocity_10.apk	06567f77b0be3d5c73e4f38706007807ca54de9dcc0a8958f361915f48bd525b
com.alaskalinuxuser.hourglass_6.apk	61ae79725a6aeea51ca40635599c073a43d8949ba2578eccd7eeb78aaa3aa1f6
com.alaskalinuxuser.justchess_13.apk	5ccc55b06d488f84db212ee556e6e436f3c3d96a8ad5058d2178e36e099bd338
com.alaskalinuxuser.rilcontrol_1.apk	41be006ccb4aa78d4469a57b46a731aacc86f909749dc5134a6cb946b64a6426
com.alaskalinuxuser.shipcaptainandcrew_10.apk	27fa16d5ae4014a484af4aa7439be8a7b1b68bb5305064cb7f48a625d2b63f7e
com.albertobonacina.wassword_29.apk	f459d7f253376a44570b56674746998bc59e8b2138d794c76a559e5b03ebb786
com.albertodiaz.valencia_transit_reloaded_23.apk	5a2244d4a38e04464a320022758f74a26755447c5b236036925ff2f47aa9ea41
com.alexkang.loopboard_20.apk	f47806b3f15cd888f1d55cc26c96406cc91513a22b94977e8fa5c9c30568e4a2
com.alovoa.expo_48.apk	43ccac4ae3efa8ff800f93390fd8200cfa4d4a820beaa750da6b97d8cb56261e
com.alxgnon.postwriter_2.apk	e3a676c1ec8447d79d5e80146300846d17e0fb09af5f6e2d7dc5d07cddae523b
com.amanoteam.kahon_19.apk	053345a965187ee8b57e82ca92a1b73f8e55482f749d408e622b71786e180745
com.amanoteam.kurt_11.apk	df0f1ce34eaa6e8b44d6755dda763f3a32006ca17ee3e5ea8d1e5690854cad32
com.amaze.filemanager_124.apk	5bd6607109be80c3cf0e50f8b2321a53ac9c04c3a3bdb24788130962f4166921
com.amaze.fileutilities_144.apk	13e362193c526c23a902392687fa2d9424e0982e6353cbf5c49e3168a0004c85
com.amirsteinbeck.taskmate_41100.apk	f9c0defe98ce164079f6136cf751c0cfd975415c9ed1a74ab83c7c0d63e04cb2
com.ammar.sharing_22.apk	5cf1d03b96044dabe22bbdb7b04c8684df27f79be65a112ce5b0bde54540478e
com.ammar.wallflow.plus_2104.apk	647ce579597385293384cfef8b15b9ed86d36a4413d1e1217594807ef6a003e4
com.ammar.wallflow_2104.apk	66286148628b71a86fab6a5a39050618f48e5594e8725f770606bb517bd4af4b
com.amnesica.clearclipboard_5.apk	d1162ded9f682f3e3ccf94f8fccbb2c1c08a75e476ad5244e983c8493cffda54
com.amnesica.kryptey_24.apk	8011876dfdab6bcca9d0baf00914bc90b555f84fca8d9966082c3998967e5679
com.amrdeveloper.linkhub_48.apk	af99136317b28facd46fc837777aa1834fdccd27950c2bb4ef510a49331aadfa
com.amrdeveloper.turtle_324.apk	ab61697d5e46d93db569bb47bf30bc23f6a3a4366ffb985fa6645de4049bb985
com.andreiapps.diesimu_3.apk	73fe26ef47dc5a16952145579252d8833bc8ed04d9abd46b8abb41a96d1462bb
com.android.adbkeyboard_2.apk	f9446fd3d7f775a764eb0df696b6819a7f3a4ea85bd17871855848ef72d6bb21
com.android.geto_171.apk	f9dcd8ed0109aee2431f995879d7c4dc1fa437b788c6cde7ad70b78791ddd6e2
com.android.gpstest.osmdroid_24099.apk	0101192836c12da25b102c0b6d8c7f5a37497a66024ff8c2f9adeae7f21c9b71
com.android.keepass_222.apk	cc575eb82ff57780a67060ad896d8dda4c85761047efb8a544781f4739a8cbf0
com.android.shellms_6.apk	9c6b1469fbf5947d40b63344460c1baf1078749fd44fa13e6471760ed2281980
com.android.talkback_370044211.apk	7c8f0a6351657a1ae097b32a876d640b8c4622653d8240f964fdf4a5ed585c53
com.android.xrayfa_31004.apk	8061bb00e1fcdfbb10244289402916f40dddc9edd082f71532024d8274233d13
com.androidcrypt_13.apk	5a5a48792b3e62be1e9dd3ef46a2af7504f52f77dc7b16a200bc451fd50b1531
com.androidfromfrankfurt.workingtimealert_4.apk	d85838fc8455eb60b4738274f70cba5ade609d795c800cdc20106813514178a8
com.angryburg.uapp_425.apk	7c6cdbd8e704934012c3739be44b7dcd75027aa1c18cbf33fb16e419e31ee1d0
com.angrydoughnuts.android.alarmclock_27.apk	bf15ea9de21c513ff57124b85ca0eb28cceeeee95de523c2095503aebe4709cb
com.anisync.android_18.apk	2635cb75404a57e578a1d5a6e1326854a8df12c5c2280b0faa4d6a1c5e08a9fe
com.annie.dictionary.fork_20210415.apk	5ecf1a00ede5b27f555bd6eb992a576d042fcc0526ce7c8d760cdb3cc3152b8f
com.anoopknr.pastebin_3.apk	853385e8fbaf94ef08054c865074b47cd2a67e6400febbfd95e8e3891cf0fe1f
com.ansah.shots_studio_6.apk	18914893b6baa32a0a39cf8a74570d1f269471008631e8703a4d98059295904c
com.anthonyla.paperize_42.apk	b70a8e07412f5611cc77994b8c9314277031bd6bc72a2cab7d8881f824b579d5
com.antoinelabpixel.boxingclock_3.apk	7f3edf19bca46862f4ae1c6ef61f813738c1fd5467b6608af04fcd4c00bd99a2
com.antonok.warpclock_3.apk	6e7ed2d20672ab5c955bcf9a57d7a50da9dfef54ea3a2dd86386efe61ad69852
com.antony.muzei.pixiv_327.apk	810112cf626b7e8342fbbfb964bf5823cfe642505cf014165020e4e31890528b
com.anxcye.anx_reader_6321.apk	284e05040c959dc54b43ce79d050487be57b9902b40e0b789b19a9b5f6fec82c
com.anysoftkeyboard.janus_11.apk	110527208143c849b995ffd6e9adc9f95f0c71d26873a2289f4baf139d04a03d
com.anysoftkeyboard.languagepack.afrikaans_oss_6158.apk	66eb0a97d362522d77cc919a9bdb4b8168872a14f96d1efe23ed22523a57e9f0
com.anysoftkeyboard.languagepack.arabic_6158.apk	ac3c41f89033b1e2040a3d1dbd532d151265911f377185abcb9f3da155a5325b
com.anysoftkeyboard.languagepack.armenian2_6158.apk	077bf31642b2f1773a793e7eccc983bb4c10486d927a81af2b1543c610d0099d
com.anysoftkeyboard.languagepack.basque_6158.apk	75301b1b1e6a2d0d01fd2aeb02c0294ba8e5d7964e20dbc19aa41435eb7e1a0a
com.anysoftkeyboard.languagepack.belarusian_6158.apk	2d6ca51fb4043c79d2a2cca252cf91e5b382714c3687aa315b85d821232708ad
com.anysoftkeyboard.languagepack.brazilian_6158.apk	496ccf2c6fe94b824b47dfb35c0e067e6abe48631941cdbe0f1fe07a04ab5d58
com.anysoftkeyboard.languagepack.bribri_6158.apk	904936c0e0dbc1a4d7fdc54abd0d1bf7a2aa4b8ac8cd4a3bfc877102dcfd1665
com.anysoftkeyboard.languagepack.bulgarian_6158.apk	a40152a3d32bd805597938cba3e84995ce1f78ec8c865cf970de9eaa46340ac8
com.anysoftkeyboard.languagepack.catalan_6158.apk	47a7bd1706e47bc08fc564d823781994a21e1cb9e7d82c0e35155bffc965c8a8
com.anysoftkeyboard.languagepack.coptic_6158.apk	61a06ec6c0a04625292e7986eebdf0e7f1b8bc2629685bf197cbf25d7d1d633c
com.anysoftkeyboard.languagepack.croatian_6158.apk	9775cd475eff4bffac813af1c031bf2b008f5f0baf2adc60870f9326893170d4
com.anysoftkeyboard.languagepack.danish_6158.apk	c2a7f16b935d8a783d8e79c45abf2702e37fab2a1ddb60de9de6215daf71db41
com.anysoftkeyboard.languagepack.dutch_oss_6158.apk	ff242b4a03e8ab5ac6b174ee1e469ac86815eacb2afedb78a4621d39ddbc97eb
com.anysoftkeyboard.languagepack.esperanto_6158.apk	f03253812374686f66645f28a7552908945f0224e3e19bc954dc18bd43da0f21
com.anysoftkeyboard.languagepack.french_6158.apk	f3f8e42c7221250781fa2839eb24740679259ad43ae03bf9cbe785cc03f104a6
com.anysoftkeyboard.languagepack.georgian_6158.apk	70b8d32b85331e41ae9eebc34910da380599824de0ce662d072cba03f6811aa2
com.anysoftkeyboard.languagepack.german_6158.apk	dbcb595aefe81c1ebaec7fb877ab3287aedac01c7f4ba74600864ff05480a709
com.anysoftkeyboard.languagepack.greek_6158.apk	635bb84eb5bc490ea226a34f5d28090abc4034d769043fce5cc383a172626f67
com.anysoftkeyboard.languagepack.hackerkeyboardlayout_6158.apk	6d19182835b86a6961b39d2c6f62e820e633abd1708e18023a03eaf00d385492
com.anysoftkeyboard.languagepack.hawaiian_6158.apk	d27d3a675ccc11628177a10ef34e0f98669eb3f6a545df85177af9fbdea292a7
com.anysoftkeyboard.languagepack.hebrew_6158.apk	b0ffc6e5847aa2db96467993071d046db9c00347e194571301d93a509e314c3f
com.anysoftkeyboard.languagepack.hindi_6158.apk	2b154932471f0ff52a7b8bf2456fedee710d3068db41137b5ce1125f04014946
com.anysoftkeyboard.languagepack.hungarian_oss_6158.apk	2cd9b77c8c028bb328fc9d97bc5fbe841f94d4625d0488a2bf3de4fcd38d0404
com.anysoftkeyboard.languagepack.icelandic_6158.apk	07bb511f04dbeb2b619449ccd9ae9a68f211cad2eb8858c5c265d9ff387f8bc0
com.anysoftkeyboard.languagepack.indonesian_6158.apk	ff9aeba5a7ce9cb6bcfd54182ca1511b0172e2ddc1e6897c31fadd92cca30237
com.anysoftkeyboard.languagepack.italian_6158.apk	795972d2812f35624438eaae9f96fbe19d24652a585e344c3f8d4c5c27dcae2e
com.anysoftkeyboard.languagepack.kachin_6158.apk	d73627f3f8678e7de47e309401a9847bd31d4049f6c897490dbde36574b3b640
com.anysoftkeyboard.languagepack.kurdish_6158.apk	15df4f4cc106bb89590cdcc8f62b2d1cb75825ae86b8d79b7c230461621f8a80
com.anysoftkeyboard.languagepack.latvian_6158.apk	5df26a18da025d9a6ddda88c277f1c52bbc49aecc3bdb04523ef6583c679a7b7
com.anysoftkeyboard.languagepack.luxembourgish_6158.apk	0fb0f515f99a0b2b7fd5c9d1d959def541c50611e334f401c045d96a4b63b418
com.anysoftkeyboard.languagepack.mirfatif.urdu_2.apk	ffc16185abd7087730cbf9389017ef519cb8cc80153b31d4dc995a4a1da7f0d0
com.anysoftkeyboard.languagepack.nias_6158.apk	d28e69489a701c3a85eec64e64753fbee0913dd7515155879457c75ef1d91a9c
com.anysoftkeyboard.languagepack.norwegian_6158.apk	671bda8ee6f7d93426c00cf2208d1e83fea0192289a4a03ee19f6978ccf928ce
com.anysoftkeyboard.languagepack.numpad_6158.apk	75f4377792a1fa1302817454fbee70020127247f99f0ff9687a267f9313bc29e
com.anysoftkeyboard.languagepack.oldnortharabian_6158.apk	abfc448d8572cf5dfcec08c40faac18b443f581b567ca1cad2ddce1958ed6022
com.anysoftkeyboard.languagepack.osspolish_6158.apk	5115ec50ca14d9f753a161e5e62aa2b5d863d62919ad8b1c7a4323066f443308
com.anysoftkeyboard.languagepack.ossturkish_6158.apk	8e3b3450d907fb79c285937430d024af7c166417dfd3a741b6989f5eec4bb739
com.anysoftkeyboard.languagepack.persian_6158.apk	37d4bc024e3680905ac298a1652fe5b59409698ab0fcc48e540a7725c49d21b9
com.anysoftkeyboard.languagepack.piedmontese_6158.apk	bcc2015f861c10fa48bbc4a7293193ca8955b0b5ddefec2afba04837aa7071a1
com.anysoftkeyboard.languagepack.pilaga_6158.apk	45681819adadb18eed517f92b4e8c14437235b00aff25996b15b995c5685031c
com.anysoftkeyboard.languagepack.portuguese_6158.apk	7ac819c38782cfb2225bbeb9a7b464028cca67f58233118e56884feb46c8807a
com.anysoftkeyboard.languagepack.romanian_6158.apk	48e6e0f5b81be6560fb98b9464c5fdfb8bbb611495595b4ddcecaf3c8db2b8db
com.anysoftkeyboard.languagepack.russian2_6158.apk	b4368ca156e6110b484e5e28596a88fb1ece187e21a8b68e1454b19d4164bf54
com.anysoftkeyboard.languagepack.rusyn_6158.apk	1f05dff6a6e47c7828b2e8cc2ac89f5390d3ff412b373770569f11bd81e65900
com.anysoftkeyboard.languagepack.sardinian_6158.apk	576660937cfae2f0879183b5062005213be297f37de6544c095e2a839ac749b2
com.anysoftkeyboard.languagepack.serbian_oss_6158.apk	f292d85591785216e5c8f77fefb7c3df859c1f241dbeee68165a9b6ec5f597be
com.anysoftkeyboard.languagepack.sinhala_6158.apk	bcf0534a51b41516cd6ba47f9b23b057bfd03077ffe44a8ce36f3a5237302526
com.anysoftkeyboard.languagepack.slovene_6158.apk	ca70ef617a907b02042a7a9e026041e0d6591717dd6e8de541f6162ae9b3c058
com.anysoftkeyboard.languagepack.songhay_6158.apk	04914319c2b7455b993238e9ca5c743cf724c260dee5e3ae0fbcce8fb1bd8649
com.anysoftkeyboard.languagepack.spain_6158.apk	1ccbaf8dbc1a71b1f24bc15faebd557d43bf62eac7f6217ca19af92c6165020d
com.anysoftkeyboard.languagepack.swedish_6158.apk	1c224df9a34945002fa1ae80b0412faed644a54508ed9dbc77ac9e06fee51909
com.anysoftkeyboard.languagepack.tamazight_6158.apk	1634242256960e13021416ac74ff6dea6a5d76310b250ca78c739fb20a9d79fd
com.anysoftkeyboard.languagepack.thai_6158.apk	1cdfc68b0738fcb6a2ca6f9d78a47039d11fb4416bbfaa46b37aaec21d9182c4
com.anysoftkeyboard.languagepack.ukrainian_6158.apk	18f68a3d500857d06bd0c14f5a33c958dc021005d955ceaf1d4f873d42602696
com.anysoftkeyboard.theme.classic_pc_6158.apk	4f62fb9ae0a5603f22ecae73b4e6012a87a95ce336da5bfe0c03a167fdbc3c2f
com.anysoftkeyboard.theme.ics_6158.apk	7a8ac42a375de38688cb708725bdf86107ef5b25281ace4e6e90dcef641a3a1a
com.anysoftkeyboard.theme.israel64_6158.apk	bc30a53f3943148e93209f67c582082787ef36d536ea9f7c38ecb176a346790b
com.anysoftkeyboard.theme.three_d_6158.apk	f3b24b9f6da8e2d2cb9eaa72494b7f29e182c8bf270ef0b7904e3796efd0e560
com.anywherelan.awl_18000.apk	3b5689996953200f18d1a653f49299a286cba5fead2e866175265a2c1a3fd6ab
com.apk.editor_34.apk	48d6af0a477a27d03779c637a4b1fb18c4b6b21dd0f5899801e1600ca1074f87
com.apozas.contactdiary_35.apk	d4ae7e833350096e177e4a4ea0a4bc59cd893053e27c1f6f20fd8a4744b4287e
com.app.dailylog_2001.apk	dbfaab391a7798f778952722bdfa5fde820a8cc2e3bb5078e0b2aa62fd006f0f
com.app.dockeep_5.apk	dee877bb6789704ff75f1290379c7fee4d77b8de3708b63b7b54637b9cd5388e
com.app.equran_1013.apk	12ba0cf6a50be0c7bc10792dc490badc55da301a09f6a8283750ed03d513abd5
com.app.missednotificationsreminder_2010605222.apk	0c6406ba11a0e88cefc3a3f138de20e6ef42df080b5eeda41a47ab7822099a4c
com.app.openlib_14.apk	e77ebdb19a394496baf37777e2b45d2d5578e8b6d3701985f60fbeec8f9bc313
com.appaparilla.manholer_74.apk	e4c19a2f49a7c977dcf2609754865db5a5a623fbb883b371f2515deac04f5a7e
com.appmindlab.nano_1383.apk	db63534d6e4684de95daf53a2139522f461021e6906b4cdcfeb05e01eb0d6afb
com.apps.adrcotfas.goodtime_348.apk	98f52a2f67def1dee9a35089831c918a6b43dc99ead191194fa61c4e5df6a628
com.aptasystems.dicewarepasswordgenerator_9.apk	ebd1b03c53790301db4b29230079421ca17b54bc756f765154f11035673e829c
com.aragaer.jtt_36.apk	8ffa7288a604109650def2ff3d1f44e535545278eebecd148c0ddbf56d873b3c
com.aravi.dot_30105.apk	a4885ce81b2b866007339bab61ac493f01556a5d6c9bbe41ca93d37bfb6b5b13
com.arduia.expense_12.apk	50eb477c705d3aa6d5211a6e1f49e2d866192e304c751099552748e69b1fe3d2
com.armanmaurya.archiv_7.apk	ea6b8fb0ca9fba2a6a130408065e9e534b5f3d0b89029948a2a7eca52fe05312
com.armanmaurya.internetradio_9.apk	692986c6d4e491a415a2cdbf11d8afe0536f75671edd4133ba2dea9f68a57ba6
com.arslan.shizuwall_41.apk	d0b2ea7fa8e9a1c4eeb205e669a5a43b12f53d212cdb546a2a20f221b95ad08c
com.arslandaim.omegaplayer_1.apk	5d7c9ed89dceefbacf218d67b0cb3776cf386945b6664baef4c2390008230024
com.arslandaim.playtube_2.apk	11d28825fd7b3c39cee7fb404ff37fde82743891cadf3cac9e2b50d28dab1952
com.arsvechkarev.vault_5.apk	4b4e35ad1b3140bda5acac912c62254c320c4222dc2e020be7a7eca3041a2e5b
com.artifex.mupdf.mini.app_220.apk	cf44a1985d7d47d826112a5fdf9c304cee0efd1bc38d5e39d8f6a8acf798d216
com.artifex.mupdf.viewer.app_220.apk	67ca53421a9605d89f3e8a703cac58d78ccb1d5c72920b34cc6f64563a82f7b5
com.arxlibertatis_11.apk	3b20ec2a362517d5b7c305f3aecd198d4be4769f753fcf237b062479344e1f85
com.aryan.reader.oss_54.apk	1c015ecde6ba4550bcfc63afb70a1a85fc8221ab65403aa74b6b11a1e7465a15
com.asdoi.gymwen_145.apk	905f7cf8a4edd4415e4a2553e75136f86d650f4eb398793a25386b817d3f0e82
com.asdoi.mebis_150.apk	c3a3b4d8a1646b71e382868c7eb8363845c00f60db75d8c9f1d40e43bf39266d
com.asdoi.quicktiles_18.apk	c899435420fb2864f7f5d6254c9fe5ad4da92729b9ffa612eab519ecee47818d
com.asdoi.timetable_17.apk	486d51dae7ffdb23b920ff110cd63ecd594b5a86ac541b8bc811f786c9aad736
com.asksakis.freegate_15.apk	1f2c460ed5d0ca585b25679c092e6a6c24385df61737d38194178f5833b8012b
com.atelieryl.wonderdroid_51.apk	e2fc977044e282cf67c27c9a5ab8440e8f0f0a376afa74e35a903a3c453a4796
com.ath0.rpn_18.apk	52e1f234710ebdf087e6760d0a0e4ff5d969f142b44ab61d1ce05ff526bd2bda
com.atharok.barcodescanner_51.apk	816f944957823a8372238988269dab42098247ffcb3008c5db479298899092fa
com.atharok.btremote_26.apk	6502d9589ee7c0d0e2f349250b28bb534254657df360dc330b15d21734951ab7
com.atharok.screentime_11.apk	6fccb2bfc046717055b674d0a8d4571efadeddb7cc807a18dab62ad44dc2c66e
com.atop_1.apk	ee497fe52a73097be62e92a89cd6beb1609e821895203ebe53a6dfe62e5a9dd4
com.atr.hiit_3.apk	691c62f9cfdb59790c934f44fde082b2fe0559e8abcd5e174060c9e0995efcc7
com.atul.musicplayer_17.apk	20dddd28e02010568cf9c6b905eaead6252091338925c8923f5458528051b0b9
com.aurora.store_75.apk	c4ce0df0bbb0e82be4e4bd7d8a3e000f08e04457187d560fe2ca3ae52941bf49
com.autismprime.fall_3.apk	7c687578a3f7aea7ca4fbea24744bb3cebb2a5e01e4dacf922c0d7839d21054b
com.autismprime.krassesSpiel_6.apk	2ab8fbbd40520c94f721f5f5e8d24492bce109c01656913ccf94f9ab7e838bab
com.averi.worldscribe_29.apk	5abf8a6392ba9ca2cb4960c02dfe55b4f38fe335f316c6bfc8f0adfb515f8325
com.avizitrx.sunrise.signal_2003.apk	f87ff0eb754bc56793a0149f5e2059c209ee831209f0fa3cd6a7bd6c23198999
com.awakeonlanmobile_10000204.apk	87ebd58c318e7d0c9d33fef5b9e7a3668600ca597e604482d49ecdec13cfd40a
com.axelblatt.mission_4.apk	f0f71c31bd685fc0e07950582457bc8d860ba78934a6b05b2b47f85ad1740ea4
com.axiel7.anihyou_108.apk	3af99c7979560e02be4bcc8704475c03aee83abefc4efcf56060d78485f484bb
com.b44t.messenger_7514.apk	44461f638c6ea4320ca224ffcaea326b3d4e09716ed3076c6be0fec18327d7b4
com.bagaturchess_138.apk	9b3685e58c0f57cc310ac61261a286ec9385a3f8ac18b059fb8c74ac1fb8b460
com.bald.uriah.baldphone_102.apk	f604fb17965025bc0940c2b312ed4ead952e8993236e9a406731439fd15b3745
com.baldo.bob_11.apk	4a8e0ed6476df501adf2eb408eb559c2a8639f46ae5fd4233b4f77d5dee4b34b
com.barghest.mesh_363.apk	8b7cfc55d9f1a5f4f0680f4c62b0e914d7fda13bfb94549e29297df013a0463d
com.bartixxx.distancemeter_5.apk	824c667326d74974725401b952031497bc4a98663eb3b381450f4badd6981eb3
com.bartixxx.oneplusarbchecker_35.apk	23951113290d5a6223b83be19042b22f3a22152f1d1f90eaddfd380bb58fc5fc
com.bartixxx.opflashcontrol_50.apk	681cf21cca81dbd9d2e5b2fd59dc8bba4cd2cfab58d5639caf80f62c91c95388
com.bbzone.isitprime_3.apk	6a8b98f7c4457d5714093ec028203863430d6c5e5f300aa8157a065eaaa439d1
com.bearinmind.equalizer314_14.apk	4b0b3b98604cfa30cc2d1acd84f219dc754c0edf05d4a13d5fbb4fd53788eeb6
com.bearinmind.launcher314_29.apk	1ed5ae006e359ab21408abbcb0f65570d52f7e5577774ae78a213d7560e1bcd6
com.beatbridge_3404.apk	59a6d0d592655d27f7daab12f0015f3b2631c22ff7e52e622ff54481ea4d609e
com.beemdevelopment.aegis_81.apk	ab633d31cc0fa49e3ae29a3b816a7fcbe04033a3227f42bd30cf86fcd3be4159
com.benarmstead.simplecooking_9.apk	d50f94fdd00784c9ba51f63e029b210f575d1a4992bf8ab7021f5cb89b842d25
com.benjaminwan.chinesettstflite_5.apk	bdc8a50c028b4f0eacd2ab2f22cbbefe8ee00262b25e388cf545c54cbacbc76e
com.benny.pxerstudio_9.apk	990b9faf966c8d6c92dedeb653c0eabaf53a887ce3ab328632697d94a184b682
com.beradeep.aiyo_10.apk	94f7ddfe604e778c0116a75e234df2a0f8b47e3d5faf6446bab25ef782cef2ac
com.berdik.letmedowngrade_10.apk	bd1788cb69935fa383786c75861409d2093624147017f5f8eed6f1e31154505f
com.berkersen.practicesuite_130.apk	030b47f4b0d705ea7f2050cea6bcfb598eee7d8c26577f48303328d18a859081
com.bernaferrari.changedetection_32.apk	2e9b9425dacb87a02f28343540ad586daa01f238beb9b61debb4fb63c0d6a6db
com.bernaferrari.sdkmonitor_16.apk	5a46e5b661d231d983022cdb3a7afcb9cf773f40778fa8d64c621450f747f54c
com.best.deskclock_2035.apk	4efc347cd14dcd6e1b91077b8af9e374b6a67e19563a7643233d972b851c7848
com.better.alarm_31504.apk	0931a729f0c6a0d477e232704f66b97a2fb3fe23f7973df3fc3a41b18fb72a83
com.bibleside.bibleside_11.apk	177bbb59b1c392e9827d16539d84c07e4c1a994296357a2eb4c9524952be586f
com.biglybt.android.client_1030403.apk	527cee469d0730bd37e65b7fccabbb619ef736a2ee0b0378497ca56ffdb03090
com.bily_12.apk	e3017341cf699c0892e325009d200fbd9da2e57cf2b9ae87ff2b8ef14978dd36
com.binauralbeat_2.apk	7fd63e6143235b92f292bd285c9171e82a3a368f9089923b3d727813e2461ff8
com.biotstoiq.hayago_21.apk	c7f8e8b03ff8f99e99386408d159eaeadcfb1729ff86f6fed362dc719861492c
com.bitcoin.sharedhaven.testnet_4.apk	5fac0ebcd9c71b6492e2f73aca3ee078d044e5da8b448ea1665b52a15dc64273
com.bithack.principia_41.apk	d1548758c352561c3a599c46581610ff2f412577449ced65e553e1bf49ef5d7b
com.bitmavrick.lumolight_23.apk	0df61f7ed40e754e904ad0cd361404eb20beb3a8a60fec6c0e47536bf5205724
com.blacksquircle.ui_10028.apk	50f2912896b03f12d3a62f7f6532a718a566be8e04cc9046aec6d1f21e9b20bc
com.blankdev.sidestep_17.apk	8eec7437cfda087acdf25944427dcd427bd7400746b86192686bfa16f790ad0b
com.blazecode.tsviewer_11.apk	24dc9c76ead2a3f8d6010b9f1677e1c5eaf37f272b1e681357df87c65a3b7d63
com.blockbasti.justanotherworkouttimer_20230929.apk	dc98d8d22801977629d572078d4229e1f3c6dbfd7d594725f5fc3a7b363ffc73
com.blockdrop.game_313.apk	b2b9df946b7eb71206e592a770f8bd07754eaebd4bca30b4c0cdb689b7a52038
com.blogspot.developersu.ns_usbloader_7.apk	7006b95521f7c5c620748c2977cfaef5bcdf2cf4a946455b6ccf367d6b4d5ec0
com.blogspot.e_kanivets.moneytracker_46.apk	faf689193af5f3db940091132f063913331144e63c258dca6d27216a73ae50c3
com.blueapps.egyptianwriter_10.apk	356f25918cc404f7253492ec7093bfd48cbfe15348b13b25d6630b9dcb5ee589
com.bluefirestudios.memeboard_5.apk	8c36ff681c72399bb1ed9ede76bca71eb2969d0cdb7f65d67cc18a21d90f1eba
com.bluesound.bluesoundplayer_13.apk	dcb18b1c9dbf315afcf2dcd5e23b439dc1750c904c629198f9df7858a21f4c1a
com.bmco.cratesiounofficial_12.apk	88c53a5dc1aa442c348ff025eb04939f3178bd11d561f0211b937be4ff30bb30
com.bnyro.clock_22.apk	f98d80c94944088f632d5bb5f014fe895332f591e7020ac04d4ffca8655eb4e6
com.bnyro.contacts_35.apk	8a1d18fd4953101f83040e6fff011a6ab068082821d97c6ac3e45b1dc585b2e6
com.bnyro.translate_56.apk	789b002940339eb61e785f5d0086a0c1b25e7ae6606919b7f338a596dac3cbd2
com.bnyro.wallpaper_40.apk	65b96a8ed2e65db1ea8fe64297bee998097f40239ccf28d35492b99a6e6493ec
com.bobek.compass_33.apk	d119763b12d4f86816e7667ba8c6f7f629e858178c79835b125b80b33077ba39
com.bobek.metronome_26.apk	07e69598bc41bf79c48ad210a4fe7f0486e3fb8b30d8da82441b52d6fa48aa4f
com.bodycheck_2.apk	8db883a728f98d0345f97e1b0125dbc23d47a4e06e357fd5d50e5cd219952b78
com.boldwallet_61.apk	6965a453ff750d9bfb450801949747d369e987bcd718e8e5a432dbf6cd96c459
com.brahmadeo.supertonic.tts_17000004.apk	ca8be956e8a251f35642ad55287201095190d935ca9c40c20f4186db65fc622a
com.brentpanther.bitcoinwidget_346.apk	95689e4b7ba78da0088afcf3ae765e26c3ca03cd79247c6b84324291203b3486
com.brentpanther.ethereumwidget_33.apk	9fa440bbc07fac1618a9a41e3e575370d5bf5065762802856f5397dc63bcc73e
com.brentpanther.litecoinwidget_23.apk	6361494c45b9c9f88969c1a4c8e1ff1b9e4659d1dd6f9741dbd79d0b07ee7742
com.bri1.soundbored2_6.apk	51d7d1db2bf8b8593f43eb7442e1207d37af68c5b702b6bb9d513ba49c8c9de0
com.briankhuu.nfcmessageboard_18.apk	32f824c91957cf05a8337adf833492e35d5d5c5621846e311e872f106f033252
com.bringyour.network_982300763.apk	cfaec34e943e210bcd638cd0a1472e4fa86b5c715f00271020f8c52348985291
com.brokenpip3.fatto_20.apk	f6e5206a5ade047bb18e6cd6d2c473cd0e23fd665cf54bd5327d9128c4e7f399
com.brouken.player_2014.apk	74fbdaae1f9633e5193eb59dc4be944a68ddd4a40e495a19ae97e68b8df52cfa
com.btcontract.wallet_111.apk	9b709e0db8101a933d686dacb90a04891837869297748790bc7cfeb97cc4b4a8
com.bugsdev2.bookaccio_400.apk	ad133185eb46ee601bb3b2753913043b41c03fc481311bfd9286c332509892bf
com.bunqr.prepapp.fdroid_1000006.apk	ca133cad6f9db655466e8e68e6fd67323a382881c3347c113a2acecbdcb77b65
com.bupkis.tirailleur_13.apk	474d9ecc0038a7744adc657e9f81605de6c96f34cb0b7924f7a2685699dcd60b
com.burhanrashid52.photoediting_11.apk	5f1a538a99bfb54a44187b800600cd6eacfe98eeae5f9ac9574beb1445d4bb99
com.buzbuz.smartautoclicker_85.apk	e038235e8eac8587dfde450471eedf487cf78d413b90aa87d3247937bfdd8c6f
com.bwqr.mavinote_200.apk	682fc91f68ac3d78a1efffae09d87d3276842d395c0643fb4530e60ff23510f7
com.bwt.threadscooponionchatcom_3915.apk	b98c0a97c3be88f02db40461d67b1f559ed4b57da1721b1fd4adf641cf8255b4
com.byagowi.persiancalendar_1020.apk	bbd12819529102bc3849b70d119bb1cef72dbb1cbacb08ba7fee473c8f6167d4
com.bytehamster.flowitgame_402.apk	dfbe3767472c07c4d51b0f418ffb284ab342f7fd43aec8c91f1cbe515bf8ab94
com.byterdevs.rsswidget_6.apk	addfc82dce4bf647baa16baa2ec793667d129424f34779859426de97f597a51d
com.bytesforge.linkasanote_30499.apk	90fda4bdeb615b47a07f44e183125350673149a715a576222de5cca62ff49e19
com.cabbagelol.bfban_523.apk	329a529800d1f8f23c3b82915d1069c7f721273cf2afa77e882632435eb14db5
com.calcitem.sanmill_5584.apk	dc31e34cf7649d844c4b515a1225afdfa7446340d878fe4c7fcceab3f9ca157b
com.callblocker_17.apk	23b796e4e4bd3ed94e810107e3cb6485bee378b3f4f9156eb73a547fd53f6e9a
com.calmyjane.spacebeam_11.apk	deb9a68f4e2c6d8fa2d26eb3d819d74a36fb0fc13f21d26ed8dbd1003fea7fd6
com.caniwebview.android_110.apk	cc0590b9d619152b84f59222bdf3b9866d4c548c8a64cc8bc4c3626c86b9f105
com.cappielloantonio.notquitemy.tempo_25.apk	0974a480585d4528f65e5242fed1c83a4c493171792ce28e86c7b68dc9542bc3
com.capyreader.app_1211.apk	3884d138625d07b51a8b2d5c5290fd2f429b9008fda6ad2ac2d9cbc8c88104e4
com.carriez.flutter_hbb_104070003.apk	3fea599047dc9198a49da4ae9921e51afd911b7a46b66d8f428720d5f9c81d8e
com.catalin.css_px_converter_1.apk	b8a89896ee82b908e9cabd5a1c5e0382d5e50a927166feb86f77f83f92ab285a
com.catalin.rivia_1.apk	4cee3dd407fc10de2df3bdca63d1e8c56a0f6a4142745b30116e7db1d6243716
com.cax.pmk.ext_331.apk	33eaff3961959541c91852d3370c9ae7ba32d77b075d574183553bb4e3af5e09
com.caydey.ffshare_22.apk	97e1eb5b046f3d4bac83a5935afd6fb9595866f5136925041ef817c0cc06fe53
com.cbouvat.android.saracroche_34.apk	413ea2bbfe4911bc294f00f89be2ce210e6d8d69ced47f156c23f833ca4879c5
com.cdevaux.miniature_painting_companion_10.apk	a72cbd5994d650b3934749cd876395e3d36f0e52caa27c2965ea949467adc3ff
com.celzero.bravedns_619.apk	79e403c2f3c0f38813d98994eead599d066fa4d8951944131674a42455bb55b0
com.certified.audionote_7.apk	30aaadda2dc0d81cab57be43ae7ac13fc5eaa027084b379a270d1c8b7b773485
com.cg.lrceditor_57.apk	ea720cf8ae77d9dcae2f5639654ae03f9309c9de49b6abb166d4a93c1d20f016
com.chancehorizon.just24hoursplus_10401.apk	430d72015dcc9c4137d2fdcda33df0ebefb8fc44c0452f3bd2b9081aaead9a6a
com.chaser.paintballnotificator_10201.apk	da9928e2c408c5d1544bf162ad938087d6fc749b39cafd22b1387e8bce1e2075
com.checkmk.unofficial_checkmk_monitoring_213.apk	c068834e5f283a5ee2488042c4eccaca8ba6cf681263d4d10f3d56f54591d1b2
com.chemistry.admin.chemistrylab_11.apk	ed203d7132617b93f1c49783b6f5f33c266946da87d75120fcd4338e8e589a0e
com.chenyifaer.fafarunner_395.apk	3d6c7400caac46c054d4f429ae93499bcb2b77987bf71d8bd6b6a8a0eedc8055
com.cheogram.android_4206404.apk	44f657427d83e6bdc976d034b5b91e34ea9359edba6f9e6c48cc0baf518bf7c3
com.chesire.nekome_24081508.apk	682d41ba9fb1d2d2c6281e4eb463d8a1b79a66b1a1a42f9f9bf6f2de52c40ba4
com.chesire.pushie_15.apk	fe0188b53ace2be065c821c6d8f9abc873fa6c9a35b8056782ad7894f54d5a5a
com.chess.clock_28.apk	3508b81c88c1c5bc0b814eaac2fefa400dfb3f440f2f06a8686d2056ba4e9edd
com.chessclock.android_31.apk	74658480c8529769c85c6703b71e0ac940ee8d204ad83c11e3f050625c407e88
com.chiller3.basicsync_197124.apk	a4d3751e490ee3452a43cb1f338de26c3156185f5de86d71540394fcf35219dc
com.chiller3.rsaf_263172.apk	d7fe0c9b7797156c210e2a13df60cc0316f8e4f17a41127a1612d819a07a0200
com.chooloo.www.koler_82.apk	3c35766c1b988b2af485c3a03ff08d1e3042feb76b40b2dcdb54481aaf9c5a11
com.ciphernotes.twa_9.apk	f30c0760de2b9d780bf4d0704391b684779ed0320367d9b25c731529bd3dcfc6
com.cityzen.cityzen_10200199.apk	9ab1d8f854a03921259206001940a2c0d6311d63d810a3aa66af59f0d4200196
com.cliambrown.easynoise_10.apk	de43a95759fbaa2c8ff5528b0f2dfaca08bae345da13eb8a6620dc09cb26a727
com.cliambrown.pilltime_19.apk	fc8b597ca228bdbd36ccdfaf2b024e7e1b2e2b3e438a35aa23ce9e918d0fcb9e
com.clicc_32.apk	a208c318c0e5ae1af7c0f97dc86648e3aa55a9556dd38620ab4994817031a1c4
com.cliffracertech.soundaura_13.apk	ace2961f5116dd99c25581fae0b1bfceaf7e556ad93fd023c8155f9d74b5f010
com.clintmoyer.callscope_1.apk	27f3f4234963348b0ea9fd6bf599097a18ef6f53b93dfb147bc97465adca0418
com.cloudbasepredictor_164.apk	af7de88906cdb407445f706cc2e8849ca9fcaa1c123f2719308b484aab518a50
com.co3_144.apk	5bbe57e6dd75d993cc75b2028d782fa806ef0132131fc37b885eaeef3047397c
com.coboltforge.dontmind.multivnc_107.apk	6d5c869d823b7a78ad69cef49f00900c8313c23daa6e8a637e9c7b17441b633d
com.codedead.advancedpassgen_4.apk	40e183653a25fac4cbea3d794679f5bf5a0021969afaaa29ecc36b4258c591cf
com.codedead.advancedportchecker_17.apk	96d3096dc1ac75a539f5321ac3c3b3fda9039d3ca20cfbd59b4388fb1737a911
com.codedead.deadhash_13.apk	801680fd9138e503fe476a921a96a5a1e45d86df557f42d15f2ba2a81506af56
com.codelv.inventory_13.apk	f4db03030b0333b7a9bf5f217b9b11fdca3f3b0befff5290498947a9e8555119
com.codelv.solar_5.apk	c46ccab3a07561867ad02f064985c2576364af2e3a23921eb1aa206b7f3b533a
com.codesail.market_monk_633.apk	c0e67ff628f9715d30837755e24713ae17aca40d3b597243301e3ea243e54c3c
com.coinerella.peercoin_156.apk	a98a1ecd28b401426d4b4df55f70241bb5586645e6b3dd4dd2d0161f603ac869
com.cointrend_10304.apk	b5a52921e73b54212746775c2e44a045e02650dfd8471c9fd5a495881e03a09d
com.collotsspot.ensemble_573.apk	401b593c8b09c9bbc87c8aef361de5285cba4c0009db8a5c25c0c3735039c643
com.colnix.fta_23.apk	c894fe9d308b33110e2217444c0d498fcfd304899190144d828e3f8ed4b7cf2f
com.commit451.gitlab_2080000.apk	bd0cb8d833ee7f4936d0bce57278ae0be48cc85831780f162abbcedf71a44566
com.concealnetwork.concealmobile_50.apk	4e66ea01310b5a57f885d52a57b1a99bcd1a6602ea467edf7f03177b54b25626
com.concept1tech.instalate_13.apk	ba89b90e339af2e75f42729244f612edf891b2433881e68d9646e5e1a0ed16e5
com.confinement.diconfinement_16.apk	ea74bbcf39db058874677ea31bca4d21d6badad35bd34b2c56c1cf0edc059364
com.controlloid_11.apk	919c4501a73515d31cb8c4a0c372746d2608c469d748c65c9f6f4dafc9f23e1c
com.cookiegames.smartcookie_152.apk	32adeedba1875a0fd4daef7429aadbce8bd3242ec811d51fc7f6160a2070d5a5
com.corphish.nightlight.generic_66.apk	1a3c2e9e1f402e782ea1be04df8a38215484e6529d10e4d63182e4e60402f152
com.corphish.quicktools_30.apk	56d6f89f036f253e933c6fb58e7598c9ebe25c659914428e524240839892b3d3
com.correctsyntax.biblenotify_23.apk	4cc8c0192ebcf15e96ea0dd5b6fa2da7f74534dec0dc474c3c43e743fc60d022
com.cosmos.candle_10.apk	5c36e78bc8d5ad6b323ec9ad2f5c8d4d29fdba30dacd1dc688c3b9b3ef697f55
com.cosmos.unreddit_23.apk	3853bb060c7294301f60d8fca0c96511d4acdd757a79f276288d7ce90910a6db
com.craftworks.music_311.apk	09d2f4835f6515f8391c4f1587baade9eb3a6536e949de7b93206a61dbe2efe8
com.craftxbox.yubiclip.xor_10003.apk	e3a2bc22c5c1bf5767b46037f4482e2a4c0ec22703d4dd60f9b1bfda240c2955
com.craigd.lmsmaterial.app_1000.apk	c549cedf2dfc440912232e619f497a782e627df7ee2d266420d9b7a68c9ec347
com.crawlmb_38.apk	b6219b733bdf20bf44bc5b7a06dd57501947e56cf9f73935a9ba5f44dc6e1aa2
com.craxiom.networksurvey_115.apk	a9b236688970ad066a3ac3838a8ad4996e66c788646ec7dff1efc869a3bc79a7
com.crequency.kitx.mobile_5643.apk	099ddac694b98519e55b521a290ea8a0594276244ba277cb91429961d8673404
com.cryptosafe.app_5.apk	c54a8aeef14f9da589c8987821a055cdc6c3ce16277c22acc2a7a67991e676a3
com.cvc953.localplayer_10.apk	9970de6d74c45fe971daf7edb1ee07702baa090058e8be17a0d21f9b0704bda7
com.cweb.messenger_4208104.apk	63bd912be22edcf1aa2304546e995819690e00fac8cb861e9c7a279d19e35c88
com.cyb3rko.flashdim_31.apk	6f348767caca6fda406eddcfbf023995b61ee1182bf8f624123e95a0f690d1d9
com.czy0729.bangumi_70701.apk	56a38357bcbebd308146d2a2df3cd2230bcf094247e610140efd3c053f97ee51
com.daemon.ssh_56.apk	36c9f386e137ce84cc29fe35753abcb8c0d8c1c842e5b3b091838778b2a76e97
com.daih.psychphinder_19.apk	6813e75e639a2a8cb416f340d8939e10216435907a1576964f2cb8314df8ca05
com.daklok.biblelockscreen_12.apk	926ca1c1439e7e8a8ec250e8ef9dbc371c767a83b5e339d7c6c097762d9e8603
com.damiengo.websiterss_7.apk	2512a95c0a1b5ecaf2680b5ce64963113674676db6f9103ed32496829aa214f7
com.danefinlay.ttsutil_10.apk	5b8f5b35eda6cd0a1968f42878021ffebc07e0bd1af8b5ef5e5e8dc0e388899b
com.danemadsen.maid_22532.apk	1cc983971a0cee998a4c8fa2b3fcbf38d08dd594002f17e2e3723b5fd4840755
com.danhasting.radar_9.apk	0b05bfa93902203b37cfcf2431781fb342018fba0132acf1aa9d9feb857cfbb0
com.daniebeler.pfpixelix_40.apk	6aaa2cb384abad3e4573b9d14764ce50ba2f920478f37c3c8ee0f2df010ac36a
com.daniel.mobilepauker2_6.apk	eaa3f41fd0c1a21ca82c44cbfe6b1a47b4b459b3cb31bf97419de8527de22f8a
com.danilkinkin.buckwheat_29.apk	2270b0353f7cb876053237eb23495db48fe185d7e7aade64702537d77266a09a
com.darkempire78.opencalculator_53.apk	2642613868a8a80f0ce963a4863bc153e7281b97b3bbdf36ca92a99dded7134a
com.darkrockstudios.app.securecamera_31.apk	c8c081130be91fef24b85bf77ab173eb93fd27f6b8e08345eecfd41166632513
com.darkrockstudios.apps.fasttrack_40.apk	424d8fafc1bc14313021e9e9713723f86a13507787159803b38a63a61668f909
com.darkrockstudios.apps.hammer.android_305040000.apk	ae1226e77c47f282cc863b81b92d0da987ece5de2d22e80c6b0a2d9e738d4b35
com.darshancomputing.BatteryIndicatorPro_26016.apk	8f8ba34494656cbce8b46adce0caed433c31b4eb159a57b19f539a1846a6a402
com.darshancomputing.BatteryIndicator_26016.apk	8f99e444828ef5e0dc74879a9522b81b42b36797f7397f0165a868152cc20d82
com.dasp.worldcup2026_1.apk	8c7b60c9cef5a6343f000f12ff0a0714bc6f3de72ced17c57f1ce4a147bc4a67
com.databag_1021004.apk	3c3e25963cc065d3e6ee00557c17f9e44ee712f96032492b6976db74a973f14f
com.david.waterreminder_2.apk	0228e7f2e5bddf9a12ab882da02c2a1860f7628cb04e27e497f0a79e08cdd8c1
com.davidshewitt.admincontrol_5.apk	2895ae77b3af807a906cfe778ed2089988b8c99cc7264943387bad6755263681
com.davidtakac.bura_18.apk	e3c5bdcc4616227f3e142563ca17505761ef34e72b7a55d9722c236f4a36f461
com.dd3boh.outertune_71.apk	115a5df8e5f9aecbb4c7e65b8b8ea5053fb64e5111b3116e01bae803426d138c
com.debojit.wallapp_10.apk	642a7fb8d61a61340400eee924054a7327d6e8e0ce4aaee4724f2ba37ca42e0e
com.debojitsantra.backlogtracker_4.apk	13fc25d4e860d37f737c08d75f5b29e75e44246dc4ec4073d4710043e4caaf1f
com.decred.decredaddressscanner_10.apk	a71287d3526ae60cf542b326b74ada7cc8ed83c58316f87ff9c51df3917871ef
com.dede.android_eggs_78.apk	f531584a7af9edec2cdfd885fb25cbb0def3c5e7f92cf7e55193790c3487cc1d
com.defname.localshare_14.apk	0714e4ff381dd7636fb45fc918f1a5bfa79afccc20d8829c69f5caaa0e7e31e2
com.degeder.yam_11.apk	5afaed325021e0f8bec493d5d1eb37f4f8d34053ef647837433e383442878a36
com.demizo.daily_you_20260003.apk	8841c9b740d7d3dbf88405489a566d42a7f8f927f6c0af4e8ab66d040edfba54
com.demonlab.lune_9.apk	ae664082f55136d7e9b3d2957b1e92c2da760ea405bd5dd0f8e424cb14fccb36
com.demosten.srednabg_10100.apk	d6758d78506aeef788c717bc4faa02af97ce5657105a458f14acd9ad8fab2918
com.deniscerri.ytdl_108090104.apk	4e95fb10efdf37eef0db8cffe0c09d14fbaf9ac8897bdea18089d63c6ceabaa0
com.denytheflowerpot.scrunch_3.apk	faf3b8a918bf7a465925d7765be31ddb149c96e2ca9d3c540be25469a065e03e
com.derdilla.bloodPressureApp_56.apk	8cc8d7d2e422c571c3e11b8e99250cd751317b1cc1e46e4356029ea6313343db
com.dergoogler.mmrl_34296.apk	75f42b0e872df53e70c375fde7f351d6a26141de13b0ad66ffaf66b541382a8b
com.desarrollodroide.pagekeeper_53.apk	292dfb24014ebfbac3904d5179a6fb63dcfcccba5d7f01f4f2ca9677dc133669
com.designlife.justdo_1.apk	c39ad6e3b9d50cd923567e1c8ded2d6036a3a8592bb8d8d5f87bc4bac1a7fce9
com.dessalines.habitmaker_5601.apk	4895cf3af1def8f8f485069a6ecc15ccac7a12c572ea03b463b000ffad9483ee
com.dessalines.rankmyfavs_44.apk	e471831382758b3fb492bf50d51e52fbd00fe877d80d005d74df4a09928431ec
com.dessalines.thumbkey_181.apk	b995ebc370cc03276803cff25c0a620243b6ce174236cfa3936b1acfb8dfdbfe
com.destructo.botox_43.apk	8ee140219d85293eb5afcea087fccc2efe42a60a49969cc640a52944ff2a17e7
com.dev.xavier.tempusromanum_261.apk	95bfac2dcbdf6286222a3bca5f952eed80fcb956437d25e6b53d2597c502e647
com.deva.knot_1.apk	40402e220550ce63fdf16504ec2afa662b9ca4b12bb7565dfdf3cb2c93b41a6b
com.developerfromjokela.motioneyeclient_10000008.apk	9f80c3738b59ce8a1f431298ffa48e02347030acb407b2bcbda984458fd1a6ba
com.dfa.hubzilla_android_46.apk	541e3b47e3c68a72a03ca00a51e7a61cbd58685d3e4a221f8d09537d94b74cce
com.dfzlv.gjjlt.caramelos_7.apk	f202f3ae9b4419073d256e1b3f3d6fc04650779dd9b8bd9d815c095a0c64f201
com.diblui.fullcolemak_1.apk	7a5d9ec1f8167b0d00af31d882cec3b8adefb8d1b8dc1aa06f3dbcde19c406b1
com.digitalfishfun.openshift_1.apk	6a6cb684cc24e2fd34b9b277f0e0fdc089c2735812d4e3be5a687b2e423db8a7
com.dijia1124.plusplusbattery_29.apk	c33c3717ac339f60df4857e80b2f14386c854aa150a8fdb155b9f997a4002f0a
com.dimowner.audiorecorder_943.apk	4c06839db61e1c5c23c77d8b0c1eca18009fff0dd96b6dea6b94cda110e9d51a
com.dimtion.shaarlier_33.apk	a986228e548e72559d44e74393fe1c3399716086ab412ff7d88b205b0d3d278e
com.divinelink.scenepeek_53.apk	1af22839544b8c8cca2a90aef3228907d5afe20af6e9fc58cee1991c0b46ef82
com.dking.crocapp_8.apk	a26036e16641116a770c87fe358bd14868d310ff9325fcf5d0042a428b6ceaac
com.dmouayad.my_quran_233.apk	9de78a5d76f2d81892c6406a12aaf8bca69d5959bd9dd60980ff07d758989194
com.dn0ne.lotus.community_1008001.apk	e6a6a83921862c38b50908c80ec51565687532ad8088b98cb592dc4233e9197c
com.dn0ne.lotus_1002004.apk	06a19b2117c833b90bc8feb9c9e9625243692c543ad5dd98e281035d3f821195
com.dobby.vpn_1003008.apk	22a1029ee02d5e106b05a91e3f48c6110e37a518eee4c9348be1d5566ff448bf
com.documentsui.shortcut_9.apk	585e5a7e80ec262d42b2836a2d78b1e3848521b74622a2ef210351e74105bc79
com.donnnno.arcticons.daynight_1540.apk	96dc1ade37a8e0edd116ce5ecc6a141834e3d6763a3c1018a25cd5d9a9e7f68b
com.donnnno.arcticons.light_1540.apk	b23e977df55ca10d228699b6f11992c227bbd5b8d2ed8faad4eb3b19c6934e5b
com.donnnno.arcticons.you_1540.apk	53657050ff98ebe3317b2eac34e44aa1dfe7114c61300c89b46473bb28af20a2
com.donnnno.arcticons_1540.apk	857ad401cece0c4f9398cc2efe40a7ca063229df577ba274b7c660695a0a7ae9
com.dosse.airpods_24.apk	1f8a6f7b8f09aafde2b64b49bbc4e04e77501b6f68fd371597b1872b9f8c5717
com.dosse.clock31_5.apk	02f0465f6af48fffddf0c5969f3f3dc73611a3bc8d6d5753cffadc8adb51d82f
com.dosse.dozeoff_3.apk	52329c5566ae5dc8071267f4c10df48a2c8e37eef26bed1032d8823efea96339
com.dosse.speedtest_9.apk	c3056ecf5dd4a0b543a6b46f4465e0336f6d74a584118580258e053d4097114a
com.dot.gallery_503034.apk	111bdff2549468da5a6409fa85d9bf4fbd5516ec32f1b8f141286c14edce776e
com.doubleangels.nextdnsmanagement_274.apk	ebf7643bfc30410121140eca3d7d5ee3b73fbe3cba28dca222db74061f959f0c
com.dozingcatsoftware.bouncy_43.apk	ffda0d9cb0b1b2aa58be9559dda891c4fa24391bc481d297a8e3d96c31f62721
com.dozingcatsoftware.cardswithcats_4.apk	66208a761c4f892b9170ce70c1efaff41396b5874fc1a52a2f3eaecfb7683c6f
com.dozingcatsoftware.dodge_10.apk	a5687d1bad7b2927740a55b7b1df11efc81edcad03f0633ab5c2e5c58b120541
com.dozingcatsoftware.kumquats_3.apk	502c295288fb64629e369fa9e8124e88278d0a715b5b7eff8721fad1f7477059
com.dozingcatsoftware.mouse_pounce_7.apk	e7916a8f18d50ed60e6b302d8960b84406a6de3ded530d9b5721433b936d954d
com.dozingcatsoftware.vectorcamera_14.apk	5db8860d9ce8062ec5b1f686ef2c10d95c6983f6459b06dfdc016cffd9c624fa
com.dp.logcatapp_48.apk	18cf92c06ce358d30d47360d579755518a505c0c803413f11bf41f08a56796fa
com.drdisagree.colorblendr_40.apk	c8902de58417fd27d77e72a4987bf41f6ea54e9580c41fab30d6fa329e035242
com.dreautall.waterflyiii_6273.apk	e4641a25a5c882d301b6417af017bbc0c1a22526e0c48662b8ed2b85c32a3351
com.drejo.androidvideoplayer.fdroid_1.apk	70b7ba6b2a85ffe9d7ba9cf9be23f25aa9a42a0dc84ca790eed923321537bdd7
com.drip_51.apk	835afb75daabff0f31c761b352f6412de78a9aa8f9b573b871cc34c90d5fe95e
com.drnoob.datamonitor_29.apk	2687ae4a89e05497851e3bd306b91c7fce1936899e5ebb5c84628ef21058bbe6
com.drodin.tuxrider_15.apk	bc6f1767a49f0752b9eab887cb6c3835e917e199a914d41388fbab92c4486a3c
com.dsalmun.luxalarm_11.apk	3c3bb865928d27115ed49d4f569419de7c155e42e9206dac38d106d05e2a3225
com.dt.opnsense_manager_143.apk	ea23c44fa7b0c1ff53f923df0245a77f47397fbcbdb1b4379a661ea4da1e799e
com.duckduckgo.mobile.android_52850000.apk	64b6916466bae0f973197cebf810153bcd6d3fbf190754a61936fc66b4cf589f
com.dx.anonymousmessenger_54.apk	e2c02e72682974f4c047905e7e2d93fef63ea27b282558dbddfa2d8eaa12f752
com.dynamite.heaterrc_22.apk	d33db600a2c3d4b49b150afbf8b4d1d37fb960adab2ef19456e575ca6c29c361
com.eanema.graph89_1200.apk	a65ce5158efb7342c77c12327acc6bc41cabadd1eac6381c8642699c3009934f
com.easwareapps.baria_1.apk	066fb4da09325bb574171e7cb783614e97c2d6cdd7f3a0150d4fbb7aff79d99e
com.easwareapps.g2l_23.apk	91ed7a56a7a70f91ec312a33be74d552ec68ce08268442830b94f1be6c37b5e7
com.easwareapps.quoter_7.apk	b812ed30a610eb79d89b413fc4b03b82a6a9a47e4ae99c45439bb3b4d6a11c86
com.easwareapps.transparentwidget_5.apk	426e2743ecd23ffdd2b92dab67d71adea4d2ad5d711c3e7f10a96ff2e403cbf3
com.easyfitness_67.apk	0c8fbfa2586a04a5d6d31a12e1a30ecd3d6d18648fe9e4dbd675d4a435b33740
com.ebaschiera.triplecamel_17.apk	50ed7833c7051b71c836fefb92e5a79b18d4d046dbd6ef56bf1d3186d8b1785e
com.eblan.launcher_82.apk	c6ab375d35239cb6c3d1713fa547889dc582f9523be2e083ea9fc9fcba7b9ccf
com.econverter.app_3.apk	68ec29c73e62a2366ac5bd7d8ebc7ef7bc4a8e5de85208543be4d876a83e17a9
com.eden.livewidget_10000.apk	a8750eb7acb311f2686cc81dea85886ee49050df7be30a8863768dc99a9f26bc
com.edertech.dj_edertech_3.apk	ee5aeb1caf4cd1ad1e54eb9d481d633c6e1be9e00428eea409c01c962dd8d8ae
com.edward.studytracker_7.apk	c4a8b041eaea21d6d0a776c1ec8e13979fa2057e921d7a73b46740c7bb57e6eb
com.ehang.ehhelper_3.apk	79735398c15632094ccd60ff2c4d220088132d5e7724d7c0692ddbb0e560b22a
com.ei.bmicalc_1.apk	973d23867addd028431409b2d7d1c441954b10a0a060f3715d1cd2aee754873f
com.eightsines.firestrike.opensource_2000.apk	66467fada7c5149e59fdbfc9bb94892e50b61c1343bdd18b351d484887caca79
com.eiyooooo.foldswitcher_5.apk	25f8468f002c20f519876398f352010e9ace7f06efbf424a6cbf48a6895d5b81
com.elasticrock.candle_14.apk	d0cf52d69311ce2ba391c815086cf5dde91de596d0e872c54a675c08d314fb44
com.elasticrock.keepscreenon_60.apk	eb028b37b57db2e013b6db263321fed2b6c5744bae2657cf2db549f3a697b9fc
com.elektropepi.bootboi_11.apk	b5beda628a133cdbf4b4e1dd949739ca0a57c04c11db983a436caafb99964a11
com.elementlo.spark_list_7.apk	b7e37362d2db259c7266ff7995127d7466b7af0fafdfb1456f8219c8b55735cd
com.elfeedcljsrn_10.apk	3b52b51bb4b9b0049af26f6df94c7ae3559b0bdadbdc15a36f78d38149df5590
com.elishaazaria.sayboard_402014.apk	60ced4454d13dbc837955cd95ccbf0614c9fbd1f42b33fb08be1f8956d116fa6
com.elsdoerfer.android.autostarts_33.apk	2a65c743a52b1aa08128d8c06e1df18bc9621bb85f74175b1bda2f6980b09d62
com.emacberry.uuid0xfd6fscan_9117.apk	1319afd0c97d5da0c4542a840fc924aa61537d0b5de2f3a5b2fe6ae6c00aab53
com.emanuelef.remote_capture_91.apk	f47855ae6915bfaf2ae289a327a1434eb4067771045f69ca5f567af92e590d14
com.emmanuelmess.deadlinesapp.free_2.apk	7e8a8118284d785c6b0c4ed1c0e0e40c9e2b5494ca8e98248199ea2e341c4898
com.emmanuelmess.itsdicey_2.apk	8e061262703c49f71ebff137ebb99a8914a0a3f4768870befd23fa89861e03e2
com.emmanuelmess.simpleaccounting_23.apk	71cad24235e1eec79cb6e472c206c76689bbc7c84de4d712a25b297f6dafc7fc
com.emmanuelmess.simplecleanup_4.apk	f56063a46f46ca953302884ff5d11614ae35ab7eb34c92dad57c324c3a502027
com.emmanuelmess.tictactoe_3.apk	760fe5acf7b394354bf02b7b3484c3eb442b491c1fa4325603ad3250f0dfa394
com.encrypt.bwt_10.apk	fa4b9b2ef2a0460c9dfd58af8f387ef4934cb0c91d5446993c97a21a6c67291b
com.eneko.hexcolortimewallpaper_2.apk	22edf720655c011be57c376336ab8eda4981f4acdccc6681256213e983f431a4
com.enjoyingfoss.feeel_4241.apk	0e706395a9e3620d9323392b7a7a494c0ac502aa6f5b9d875d40bf3b7857ad81
com.enjoyingfoss.om_1.apk	3b12e77369e01803b83c43cc8399458add880376b654ee406a8b81d041a32c9a
com.enjoyingfoss.parlera_12.apk	3798719857f194d9757e123e4fca58821ff6664fbfcb9e5af972794b7c826c76
com.ensoft.imgurviewer_25400.apk	b123b906a2f9542a54f1bde893b7607c83ed5bfbfa727326338789e111a179aa
com.esperantajvortaroj.app_26.apk	27a94fa3ed9a4d916ab24747852a5310e892eb93f55ec5e7c112cc49ae8f067b
com.espruino.gadgetbridge.banglejs_249_01cce93.apk	c0bc8a857c702dba7db26e81a883052c09163fd4e367586f431e7406d4858142
com.etb.filemanager_3.apk	2e299593f11001260460d8faa6f6d732ecc09320fdc643ca5a8400af9b82573c
com.etesync.notes_10700.apk	72b1543a1f988ae3898826b8872606b1a522e7adb74ec1fb9b671a9084fabcd9
com.etesync.syncadapter_20700.apk	1ba72af98c30a790a5925f4e59493922efd7109e3b2bffe6510fb6b6671d7be8
com.evanh.qlc_controller_5.apk	6d4c95a0a3efd4f188e6fae2519b899de9192c343a71c770b9c3db4653acd6f7
com.example.TTime_3.apk	629336997d78d8db5d08e4edf658e444589f0311e700fe67d807949c0f6c81c8
com.example.barcodescanner_13.apk	556bc6c5e230f6f8a3f6615c539b2d09ffd6b20b1bbee3792dac965555e88aac
com.example.booklistingapk_2.apk	6c9d2b01d59966ef64c1c6c58595650509a55f6bcbae0589222be024c1ae4a6a
com.example.controldecolonias_2.apk	0f5ebf8d3f6f607f9aa96c2e420bb4b511c45e2367e3eef7383e5795ad9abc13
com.example.deeplviewer_50.apk	35e1c731684dfd01962150786b431a33e48d2d8cb04d433304c99087fbbe14d7
com.example.dozenalclock_2.apk	f762c043347c785706edfcac5f73826826e4c60cc823c8c80328a910831b9fb4
com.example.dozencalc_1.apk	71ba8e9a8d8e1a0247adb98281a2662f7a5cb897773ea40ff21c0b1ddb73ee53
com.example.flutter_http_server_40.apk	69c2d41b6f2e288cacaddc5b9f53282f3380f40c611e4f1012bdf55c01d3c877
com.example.forgottenumbrella.cardboardmuseum_18.apk	21e23f904304ec72e9193f8bb513879baf955957b194de8333de370bb5eff076
com.example.harisont.librery_4.apk	df62ca5d856778a91c90869c7acdb4976be93b8430e68504038fc0c273bd8d97
com.example.hochi.nextcompanion_9.apk	9565dd73f4bc7896f066eda3f1f9b78c7f894a75b5c6c4bcea6e27a032018ad4
com.example.iperf3client_4.apk	1a22623c5eed46f4912f373e5fd58fdff9d37173ae1d33cbc00839f05736fa8e
com.example.journal_10.apk	f00ac3eac1b0abff5321666311d9063bf5ecdb630b5487b38923535b22cf3b42
com.example.knkpanime_101073.apk	d1daa29898b9b451192dba875e01a7b166cb494aa9ea4b5e08f4f0dbe9f381d6
com.example.kotlinquiz_3.apk	3f86b68360876151090147c5c21797f9fe68025d7323056ff5ec469c6ea6c1bd
com.example.mempal_20.apk	d1b6354764c504db986381c9e9c7652718c12dc06b7ac49bf646f3a13c2b0327
com.example.muzei.muzeiapod_6.apk	58be307aaf77f9f113adf63ec2b9589b9787e1ca62ad356b6cd13e15e25b1e30
com.example.muzei.muzeiartvee_6.apk	91689fed3c0835706335d4d86deac072713297ff9790341dc0de856f2170fd49
com.example.notificationalerter_3.apk	74f74b0479a11642917643d2ba8af50ed8e91ff33de2e790b854b232064d7d35
com.example.oj_helper_1.apk	dc499451f430cb43673b6b42a76560edb4fecdb4e1da56b2682e4b3080939ffc
com.example.photoswooper_23.apk	39dcf455e99c74c36da30df06e360cb73c1fb1f3653906bb1161adc605167450
com.example.poleidoscope_1.apk	f514b3b65dd5f6e2815262cf97e115908000fe2d23939306d4b6b237b39a5776
com.example.regis_cat_1.apk	d0ea53e8f72ac0eac3c5a06957f126cc54413b0d16c7d190275d199c41b2431c
com.example.sekreto_3.apk	dc20394f31bb59025399b8cd5e54f4cf8ddf0c8c0ff354dc7ce7220f6bec3d45
com.example.siete_media_3.apk	4133a0340fa1c37ba4e5c0d134ace1077f4868e9eae37b6d11abb80a7d773c85
com.example.spokennumbers_10.apk	93a1d06e7b664a68f51f496dd459604d33ddc7ab6cd10bc91f9e5b4e248395f2
com.example.timenotification_4.apk	989ea81f166e4a4caa966e47c60f2feb99735652f99e62a74d4126aa582ed0fa
com.example.trigger_408.apk	9c336bd133db0743ac065b20a358a5df42a9591c39a15a7977e657c0326b35e2
com.example.zoomhundred_2.apk	d97906fa375b2a0b4c367179dc3804448cbab776ca36a7ce7dfedb33e96eca99
com.exifthumbnailadder.app_767.apk	6322a66590354b51404fe9d72216dc5f354f32bb35bfa3006d3eff43a35f4f03
com.exner.tools.fototimer_19.apk	455cad67f7326c515f9773a536e5fc5b3b00c384bb4c22d583b3f066d3937331
com.exner.tools.gymbott_5.apk	54a1d1182fd9f6cb1b4cf2d570fe92cd34e7477f7108f3f198ad0e672a032947
com.exner.tools.immichuploader_19.apk	d1cd6909c6fdf11747cca5471a15cf9a5569e9d89b12e242139f8fa77704c62c
com.exner.tools.jkbikemechanicaldisasterprevention.light_27.apk	780302301840e3071c3291316b0c317671432f7155ea660bf2ca40877c128b7d
com.exner.tools.jkbikemechanicaldisasterprevention_27.apk	525a763ce423c1827c420888b97012b479801f6526fe8f798e7b1cddd7f4e725
com.exner.tools.meditationtimer_10.apk	50a463f1b486dd9136841445b7a5e03c4e6dc5b3b72cb9ae15d445b52ad90b21
com.ezpnix.writeon_9.apk	42029e49b64a92d55531aa4f0a033c4e20c91bdaaf697309939a568216cafe95
com.f0x1d.logfox_79.apk	34bd7ff3e367f16cf36a299adb1872da34a5ed8934514d3c73687bf8633ccdc4
com.fabienli.dokuwiki_82.apk	02966131cbd69510b8dd13bc2d5ebc41d6dec509a65536bbc444fa7eef0acf0c
com.fadcam_31.apk	b3a0cd1685d530ea1f0cfc77b0446fab87cb8d3740359eae2f1c6f129c477b70
com.faltenreich.diaguard_68.apk	1355f824abc85e7601b050008fbeb5330fa8c0034a4c012c2b8189d2de6c222e
com.farmerbb.notepad_122.apk	b7cf30c187a951203ecf06295653fab587c3e54f155cf54565eda9e27d1444fa
com.farmerbb.secondscreen.free_186.apk	3f1a74cbbb1088cda333186e4894c55efe6de145fed0036354b2ec83ba5ed138
com.farmerbb.taskbar_208.apk	58dc239cef19f05b527335e7b723dd3dfd1d8bb651a50ecc0f52402796e509d9
com.fauxx.full_501.apk	15987531d8b8a677c9be69841db32dfb163cbefebd3dfea46d3b1eef78b684ca
com.fediphoto.lineage_80.apk	fd1a42e88e122072ce056df46e8d1837aa6d573482467e33848332811539af1f
com.feels.feelingsApp.feels_app_2.apk	cd47ad8ebb26520f73686a8c4cdf486c9e7ddabb6d854a835a2919836f81a3bd
com.feko.generictabletoprpg_8.apk	7db1c44a44cb7c47f416c17e952dfa0ccf552904156548c5d970944ed97db7f9
com.ferlagod.rocinante_10.apk	4db4753b867a37eb4ed2a09badfd5045ccc24c530566def9c1d100e37df49878
com.ferrarid.converterpro_52.apk	5ef151e194ab78c6fb1ef282954b10a2783a3d00a6dcdc51413021d8d4683783
com.firebirdberlin.nightdream.noGms_348.apk	76cd759101a19ba34e84ffe920ae2dd726b53b2952dda497f4a533cf10a7d669
com.fitforge.fitforge_13.apk	23a8dae8f11ea7eea5ad46d99aae16fe9d374807772f04f8142565e066325508
com.fiveseven.tabataxtreme_9.apk	3e6c73fd0acd0eeeb2394c2ad20b95266f6ff1529c7f87fd8a6819468274fa96
com.fixupxer_33.apk	f85cba9f7e99582ed97305c03cf8ace33291e58784028186df0d4ad0863a6826
com.flasskamp.compete_43.apk	6ec3b9bf1107f36c1424f3e1975367164dee9c43dbc99357b097370ac615091a
com.flasskamp.energize_333.apk	6129b4ca5d63ae346f2f561baeeb393dbed148cbd00ef28e6db3067b0e392857
com.flasskamp.subz_4.apk	20c1381c150ce2c84ddbd1067be0f5fae477a241db605c3f9ddbd83cd4c154a4
com.flauschcode.broccoli_1040600.apk	6ef21c917d2332e0a86dbe5a03faf16d5b16bedbdac47d609767867618ef192c
com.flipperdevices.app_1878.apk	66d095b2d99d58963d05382c1b2351f841fe8d9103cd6be4447c41f26c4a0bc0
com.floflacards.app_26.apk	0400c4bd987acffceef093ce3c6eb83eaf4036894a967db5b1c82b02657fbb90
com.florianthaler.githo_12.apk	7f1f86ebcece398d3a806de19cdac579a8f69f4ea03f53c6a86116b8899e6b5d
